cliente_id,nome,email,regiao,is_vip,ano_cadastro
1,Rafael Araújo,Rafael1@cliente.com,Sudeste,False,2010
2,Lucas Silva,Lucas2@cliente.com,Sul,False,2002
3,Rodrigo Souza,Rodrigo3@cliente.com,Norte,False,2016
4,Felipe Oliveira,Felipe4@cliente.com,Centro-Oeste,False,2002
5,Larissa Oliveira,Larissa5@cliente.com,Sudeste,False,2003
6,Juliana Ferreira,Juliana6@cliente.com,,False,2010
7,Rafael Rocha,Rafael7@cliente.com,Centro-Oeste,False,2022
8,  Rafael Mendes  ,Rafael8@cliente.com,Norte,False,2014
9,Aline Gomes,Aline9@cliente.com,,False,2026
10,Rodrigo Ferreira,Rodrigo10@cliente.com,Nordeste,False,2008
11,Lucas Santos,Lucas11@cliente.com,Nordeste,False,2018
12,Felipe Lima,Felipe12@cliente.com,Centro-Oeste,True,2024
13,Fernanda Santos,Fernanda13@cliente.com,Nordeste,False,2020
14,Felipe Pereira,Felipe14@cliente.com,Centro-Oeste,False,2012
15,Carlos Carvalho,Carlos15@cliente.com,Centro-Oeste,False,2020
16,Maria Araújo,Maria16@cliente.com,Norte,False,2017
17,Aline Lima,Aline17@cliente.com,Sul,True,2022
18,Pedro Souza,Pedro18@cliente.com,Sudeste,False,2007
19,Fernanda Pereira,Fernanda19@cliente.com,Sul,False,2022
20,Aline Rocha,Aline20@cliente.com,Nordeste,False,2018
21,Juliana Nunes,Juliana21@cliente.com,Centro-Oeste,False,2004
22,Thiago Santos,Thiago22@cliente.com,Sul,True,2022
23,Diego Souza,Diego23@cliente.com,Centro-Oeste,False,2020
24,Juliana Rocha,Juliana24@cliente.com,Sul,True,2014
25,Rafael Carvalho,Rafael25@cliente.com,Centro-Oeste,False,2000
26,Fernanda Costa,Fernanda26@cliente.com,Nordeste,True,2020
27,Rafael Alves,Rafael27@cliente.com,Sudeste,False,2003
28,Thiago Melo,Thiago28@cliente.com,,True,2003
29,Lucas Carvalho,Lucas29@cliente.com,,False,2019
30,  Camila Carvalho  ,Camila30@cliente.com,Sul,False,2022
31,Aline Nunes,Aline31@cliente.com,Centro-Oeste,False,2018
32,Rafael Souza,Rafael32@cliente.com,Sudeste,False,2009
33,Camila Alves,Camila33@cliente.com,Norte,False,2006
34,Ana Araújo,Ana34@cliente.com,Centro-Oeste,False,2023
35,Beatriz Santos,Beatriz35@cliente.com,Nordeste,True,2005
36,Camila Araújo,Camila36@cliente.com,Sudeste,False,2020
37,Carlos Nunes,Carlos37@cliente.com,Centro-Oeste,False,2001
38,Rodrigo Costa,Rodrigo38@cliente.com,Centro-Oeste,False,2020
39,Lucas Gomes,Lucas39@cliente.com,Centro-Oeste,False,2018
40,  Camila Lima  ,Camila40@cliente.com,Nordeste,False,2018
41,Carlos Ferreira,Carlos41@cliente.com,,False,2010
42,Juliana Souza,Juliana42@cliente.com,Norte,False,2004
43,Carlos Alves,Carlos43@cliente.com,Norte,False,2007
44,Felipe Gomes,Felipe44@cliente.com,Nordeste,True,2016
45,Thiago Mendes,Thiago45@cliente.com,Centro-Oeste,False,2018
46,Juliana Araújo,Juliana46@cliente.com,Centro-Oeste,False,2009
47,Camila Pereira,Camila47@cliente.com,Norte,True,2026
48,Gabriela Silva,Gabriela48@cliente.com,Norte,True,2018
49,Beatriz Ribeiro,Beatriz49@cliente.com,,False,2006
50,Felipe Nunes,Felipe50@cliente.com,Norte,False,2008
51,Fernanda Silva,Fernanda51@cliente.com,Sul,False,2001
52,Felipe Carvalho,Felipe52@cliente.com,Norte,False,2002
53,Felipe Martins,Felipe53@cliente.com,Norte,False,2001
54,Thiago Santos,Thiago54@cliente.com,Sudeste,False,2012
55,Camila Pereira,Camila55@cliente.com,Sul,False,2008
56,Rafael Carvalho,Rafael56@cliente.com,Sudeste,False,2020
57,Maria Alves,Maria57@cliente.com,,False,2023
58,Camila Nunes,Camila58@cliente.com,Sul,False,2013
59,Aline Pereira,Aline59@cliente.com,Sudeste,False,2018
60,Felipe Carvalho,Felipe60@cliente.com,Norte,True,2009
61,Thiago Carvalho,Thiago61@cliente.com,Sul,False,2001
62,Pedro Martins,Pedro62@cliente.com,,False,2007
63,Beatriz Melo,Beatriz63@cliente.com,Nordeste,True,2021
64,Bruno Gomes,Bruno64@cliente.com,Sudeste,False,2002
65,Bruno Silva,Bruno65@cliente.com,Sudeste,False,2014
66,Gabriela Oliveira,Gabriela66@cliente.com,,False,2024
67,Felipe Martins,Felipe67@cliente.com,Norte,False,2020
68,Diego Lima,Diego68@cliente.com,Norte,False,2006
69,Larissa Oliveira,Larissa69@cliente.com,Sul,True,2013
70,Beatriz Oliveira,Beatriz70@cliente.com,Centro-Oeste,False,2026
71,Larissa Santos,Larissa71@cliente.com,Nordeste,True,2011
72,Maria Souza,Maria72@cliente.com,Sudeste,False,2006
73,Carlos Rocha,Carlos73@cliente.com,Sudeste,False,2013
74,Natalia Santos,Natalia74@cliente.com,Norte,False,2006
75,Larissa Carvalho,Larissa75@cliente.com,Sul,False,2005
76,Beatriz Mendes,Beatriz76@cliente.com,Centro-Oeste,True,2021
77,Juliana Costa,Juliana77@cliente.com,Norte,False,2015
78,Natalia Oliveira,Natalia78@cliente.com,Sudeste,False,2012
79,Juliana Nunes,Juliana79@cliente.com,Sul,False,2012
80,Gabriela Mendes,Gabriela80@cliente.com,Nordeste,True,2017
81,Lucas Rocha,Lucas81@cliente.com,Centro-Oeste,False,2013
82,Maria Araújo,Maria82@cliente.com,Nordeste,False,2007
83,Lucas Lima,Lucas83@cliente.com,Sudeste,True,2010
84,Aline Souza,Aline84@cliente.com,Sudeste,False,2017
85,Juliana Santos,Juliana85@cliente.com,Sul,False,2012
86,Beatriz Ferreira,Beatriz86@cliente.com,Sul,False,2023
87,Thiago Lima,Thiago87@cliente.com,Centro-Oeste,False,2020
88,Bruno Araújo,Bruno88@cliente.com,Sul,False,2019
89,Ana Ribeiro,Ana89@cliente.com,Centro-Oeste,False,2004
90,Lucas Lima,Lucas90@cliente.com,,False,2010
91,Bruno Lima,Bruno91@cliente.com,Nordeste,False,2011
92,Thiago Carvalho,Thiago92@cliente.com,Sudeste,True,2001
93,Felipe Ferreira,Felipe93@cliente.com,Sul,False,2026
94,Thiago Oliveira,Thiago94@cliente.com,Norte,False,2011
95,  Diego Mendes  ,Diego95@cliente.com,Norte,False,2017
96,  Camila Carvalho  ,Camila96@cliente.com,Norte,False,2022
97,  Maria Oliveira  ,Maria97@cliente.com,Centro-Oeste,False,2002
98,Natalia Martins,Natalia98@cliente.com,Sul,False,2002
99,Aline Martins,Aline99@cliente.com,,False,2012
100,Gabriela Costa,Gabriela100@cliente.com,Sudeste,False,2018
101,Maria Pereira,Maria101@cliente.com,Nordeste,False,2020
102,Larissa Alves,Larissa102@cliente.com,Sul,False,2018
103,Juliana Pereira,Juliana103@cliente.com,Sudeste,False,2014
104,Beatriz Martins,Beatriz104@cliente.com,Nordeste,False,2008
105,Natalia Costa,Natalia105@cliente.com,Norte,False,2012
106,Ana Mendes,Ana106@cliente.com,,False,2025
107,Bruno Santos,Bruno107@cliente.com,Nordeste,False,2004
108,Aline Santos,Aline108@cliente.com,Norte,False,2018
109,Aline Mendes,Aline109@cliente.com,Norte,False,2011
110,Thiago Gomes,Thiago110@cliente.com,Sudeste,True,2014
111,Natalia Martins,Natalia111@cliente.com,Norte,False,2007
112,Gabriela Souza,Gabriela112@cliente.com,Sul,False,2024
113,Felipe Martins,Felipe113@cliente.com,Nordeste,False,2004
114,Bruno Oliveira,Bruno114@cliente.com,Norte,True,2012
115,Gabriela Melo,Gabriela115@cliente.com,Norte,True,2002
116,Larissa Oliveira,Larissa116@cliente.com,Nordeste,False,2006
117,Pedro Martins,Pedro117@cliente.com,Nordeste,False,2025
118,Felipe Araújo,Felipe118@cliente.com,Sul,False,2025
119,Ana Carvalho,Ana119@cliente.com,Centro-Oeste,False,2004
120,  Carlos Silva  ,Carlos120@cliente.com,Sul,False,2017
121,Camila Lima,Camila121@cliente.com,Sudeste,False,2000
122,Carlos Rocha,Carlos122@cliente.com,Nordeste,False,2017
123,Rodrigo Carvalho,Rodrigo123@cliente.com,Norte,False,2001
124,  Rafael Silva  ,Rafael124@cliente.com,Sudeste,False,2009
125,Natalia Oliveira,Natalia125@cliente.com,Sul,False,2024
126,Felipe Melo,Felipe126@cliente.com,,False,2009
127,Felipe Ferreira,Felipe127@cliente.com,Sul,False,2009
128,Camila Souza,Camila128@cliente.com,Sudeste,True,2007
129,Rodrigo Araújo,Rodrigo129@cliente.com,Centro-Oeste,False,2005
130,Maria Silva,Maria130@cliente.com,Sul,False,2008
131,Natalia Ribeiro,Natalia131@cliente.com,Sul,False,2015
132,Juliana Alves,Juliana132@cliente.com,Centro-Oeste,False,2005
133,Bruno Oliveira,Bruno133@cliente.com,Sudeste,True,2005
134,Beatriz Gomes,Beatriz134@cliente.com,Centro-Oeste,False,2014
135,Maria Araújo,Maria135@cliente.com,Sudeste,True,2024
136,Camila Martins,Camila136@cliente.com,Sul,False,2009
137,Carlos Ferreira,Carlos137@cliente.com,,False,2013
138,Bruno Costa,Bruno138@cliente.com,Sudeste,False,2015
139,Carlos Ribeiro,Carlos139@cliente.com,Centro-Oeste,False,2021
140,Maria Mendes,Maria140@cliente.com,Nordeste,True,2011
141,Natalia Melo,Natalia141@cliente.com,Nordeste,False,2013
142,Rodrigo Nunes,Rodrigo142@cliente.com,Centro-Oeste,False,2017
143,João Mendes,João143@cliente.com,Nordeste,False,2000
144,Rodrigo Souza,Rodrigo144@cliente.com,Centro-Oeste,False,2016
145,Carlos Rocha,Carlos145@cliente.com,Norte,False,2010
146,Rafael Oliveira,Rafael146@cliente.com,Sul,False,2001
147,João Mendes,João147@cliente.com,Sudeste,True,2005
148,Felipe Ribeiro,Felipe148@cliente.com,Sudeste,True,2012
149,Pedro Silva,Pedro149@cliente.com,Norte,True,2004
150,Beatriz Silva,Beatriz150@cliente.com,Norte,True,2000
151,Beatriz Oliveira,Beatriz151@cliente.com,Sudeste,True,2001
152,Fernanda Silva,Fernanda152@cliente.com,Sul,False,2003
153,Larissa Gomes,Larissa153@cliente.com,Sudeste,True,2001
154,Bruno Lima,Bruno154@cliente.com,Sudeste,False,2011
155,Larissa Oliveira,Larissa155@cliente.com,Nordeste,False,2016
156,Camila Nunes,Camila156@cliente.com,Centro-Oeste,False,2001
157,Maria Pereira,Maria157@cliente.com,Centro-Oeste,False,2001
158,Juliana Oliveira,Juliana158@cliente.com,Sul,False,2002
159,João Ferreira,João159@cliente.com,Sul,False,2010
160,Rodrigo Santos,Rodrigo160@cliente.com,Sudeste,False,2023
161,Diego Nunes,Diego161@cliente.com,Sudeste,False,2015
162,Aline Rocha,Aline162@cliente.com,Sudeste,False,2019
163,Juliana Souza,Juliana163@cliente.com,Sul,False,2015
164,Natalia Silva,Natalia164@cliente.com,Sul,False,2006
165,Lucas Pereira,Lucas165@cliente.com,Norte,False,2009
166,Felipe Martins,Felipe166@cliente.com,Norte,False,2002
167,Gabriela Gomes,Gabriela167@cliente.com,Norte,False,2022
168,Ana Souza,Ana168@cliente.com,Sul,False,2005
169,Juliana Lima,Juliana169@cliente.com,Nordeste,False,2012
170,Rafael Araújo,Rafael170@cliente.com,Sudeste,True,2013
171,Carlos Martins,Carlos171@cliente.com,Nordeste,False,2003
172,  Maria Araújo  ,Maria172@cliente.com,Nordeste,False,2018
173,Pedro Ribeiro,Pedro173@cliente.com,Centro-Oeste,False,2012
174,Diego Rocha,Diego174@cliente.com,Norte,True,2021
175,Thiago Oliveira,Thiago175@cliente.com,,False,2007
176,Camila Araújo,Camila176@cliente.com,Centro-Oeste,False,2000
177,Larissa Araújo,Larissa177@cliente.com,Centro-Oeste,False,2011
178,Thiago Pereira,Thiago178@cliente.com,Sul,False,2003
179,Felipe Silva,Felipe179@cliente.com,Sul,False,2010
180,Diego Oliveira,Diego180@cliente.com,Sul,False,2002
181,Juliana Rocha,Juliana181@cliente.com,Norte,False,2012
182,Gabriela Pereira,Gabriela182@cliente.com,Sul,False,2016
183,  Bruno Lima  ,Bruno183@cliente.com,,False,2014
184,  Diego Costa  ,Diego184@cliente.com,Nordeste,False,2003
185,Diego Costa,Diego185@cliente.com,Centro-Oeste,False,2025
186,Pedro Souza,Pedro186@cliente.com,Centro-Oeste,True,2007
187,Thiago Costa,Thiago187@cliente.com,Nordeste,False,2020
188,Camila Pereira,Camila188@cliente.com,Sudeste,False,2010
189,Rafael Ferreira,Rafael189@cliente.com,Centro-Oeste,False,2024
190,Maria Oliveira,Maria190@cliente.com,Centro-Oeste,False,2012
191,Gabriela Gomes,Gabriela191@cliente.com,Norte,False,2013
192,Gabriela Nunes,Gabriela192@cliente.com,Sul,False,2003
193,Gabriela Araújo,Gabriela193@cliente.com,Nordeste,False,2025
194,Rodrigo Oliveira,Rodrigo194@cliente.com,Nordeste,False,2011
195,  Fernanda Araújo  ,Fernanda195@cliente.com,Nordeste,False,2007
196,Juliana Mendes,Juliana196@cliente.com,,False,2002
197,Natalia Melo,Natalia197@cliente.com,Centro-Oeste,False,2007
198,Thiago Alves,Thiago198@cliente.com,,False,2015
199,Carlos Ribeiro,Carlos199@cliente.com,Sul,False,2014
200,João Araújo,João200@cliente.com,Centro-Oeste,False,2026
201,Thiago Gomes,Thiago201@cliente.com,Sudeste,False,2023
202,  João Gomes  ,João202@cliente.com,Norte,False,2001
203,Gabriela Lima,Gabriela203@cliente.com,Norte,True,2018
204,Fernanda Alves,Fernanda204@cliente.com,,False,2013
205,Aline Carvalho,Aline205@cliente.com,,False,2019
206,Pedro Oliveira,Pedro206@cliente.com,Sudeste,True,2015
207,Pedro Rocha,Pedro207@cliente.com,,False,2005
208,Pedro Alves,Pedro208@cliente.com,Centro-Oeste,True,2011
209,João Lima,João209@cliente.com,,False,2002
210,Rodrigo Silva,Rodrigo210@cliente.com,Norte,False,2024
211,Carlos Ferreira,Carlos211@cliente.com,Norte,True,2008
212,Maria Alves,Maria212@cliente.com,Sul,True,2000
213,Ana Nunes,Ana213@cliente.com,Centro-Oeste,True,2022
214,Beatriz Souza,Beatriz214@cliente.com,Sul,False,2025
215,Juliana Martins,Juliana215@cliente.com,Norte,False,2001
216,Felipe Martins,Felipe216@cliente.com,Sul,True,2019
217,Felipe Melo,Felipe217@cliente.com,Sul,True,2006
218,Thiago Rocha,Thiago218@cliente.com,Sudeste,False,2013
219,  Aline Mendes  ,Aline219@cliente.com,Norte,False,2011
220,Rodrigo Rocha,Rodrigo220@cliente.com,Nordeste,True,2021
221,Lucas Santos,Lucas221@cliente.com,Norte,False,2023
222,Beatriz Martins,Beatriz222@cliente.com,Norte,False,2010
223,Rafael Mendes,Rafael223@cliente.com,Nordeste,False,2016
224,Felipe Lima,Felipe224@cliente.com,Norte,False,2015
225,Diego Araújo,Diego225@cliente.com,Sul,False,2007
226,Diego Pereira,Diego226@cliente.com,Nordeste,False,2009
227,Beatriz Martins,Beatriz227@cliente.com,Sul,False,2026
228,  Carlos Nunes  ,Carlos228@cliente.com,Sul,False,2009
229,Juliana Silva,Juliana229@cliente.com,Sudeste,False,2002
230,Felipe Gomes,Felipe230@cliente.com,Nordeste,True,2024
231,Camila Rocha,Camila231@cliente.com,Norte,False,2020
232,Ana Rocha,Ana232@cliente.com,Sudeste,False,2015
233,Juliana Silva,Juliana233@cliente.com,Nordeste,False,2000
234,Natalia Alves,Natalia234@cliente.com,Sudeste,False,2010
235,Bruno Oliveira,Bruno235@cliente.com,Norte,False,2008
236,Pedro Silva,Pedro236@cliente.com,Sul,False,2014
237,Camila Nunes,Camila237@cliente.com,Centro-Oeste,False,2012
238,Aline Alves,Aline238@cliente.com,Norte,False,2023
239,João Santos,João239@cliente.com,Centro-Oeste,False,2026
240,Rodrigo Lima,Rodrigo240@cliente.com,Sudeste,True,2008
241,Pedro Rocha,Pedro241@cliente.com,Sudeste,True,2001
242,Fernanda Costa,Fernanda242@cliente.com,Centro-Oeste,True,2004
243,Maria Santos,Maria243@cliente.com,Norte,True,2016
244,Maria Ribeiro,Maria244@cliente.com,Nordeste,False,2021
245,Thiago Araújo,Thiago245@cliente.com,,False,2018
246,Camila Alves,Camila246@cliente.com,Centro-Oeste,False,2004
247,Felipe Araújo,Felipe247@cliente.com,Sudeste,False,2000
248,Lucas Ferreira,Lucas248@cliente.com,Centro-Oeste,False,2013
249,Bruno Costa,Bruno249@cliente.com,Sudeste,False,2021
250,Aline Gomes,Aline250@cliente.com,Sul,False,2013
251,Maria Ribeiro,Maria251@cliente.com,Norte,False,2022
252,Rodrigo Rocha,Rodrigo252@cliente.com,Nordeste,False,2017
253,  Maria Pereira  ,Maria253@cliente.com,Sul,True,2011
254,Thiago Martins,Thiago254@cliente.com,Norte,False,2018
255,Thiago Araújo,Thiago255@cliente.com,Norte,True,2018
256,Fernanda Oliveira,Fernanda256@cliente.com,Sudeste,True,2017
257,Natalia Oliveira,Natalia257@cliente.com,Nordeste,False,2001
258,Thiago Lima,Thiago258@cliente.com,,False,2018
259,Carlos Gomes,Carlos259@cliente.com,Centro-Oeste,False,2002
260,Thiago Souza,Thiago260@cliente.com,Norte,False,2013
261,Pedro Silva,Pedro261@cliente.com,,True,2010
262,Aline Ribeiro,Aline262@cliente.com,Sudeste,False,2016
263,Juliana Ribeiro,Juliana263@cliente.com,Sudeste,False,2015
264,Aline Nunes,Aline264@cliente.com,Sudeste,False,2010
265,  Diego Nunes  ,Diego265@cliente.com,Centro-Oeste,False,2021
266,Ana Martins,Ana266@cliente.com,Sul,True,2006
267,Ana Lima,Ana267@cliente.com,Nordeste,False,2018
268,Beatriz Nunes,Beatriz268@cliente.com,,False,2009
269,Beatriz Carvalho,Beatriz269@cliente.com,Norte,True,2019
270,Beatriz Araújo,Beatriz270@cliente.com,Norte,True,2009
271,Larissa Carvalho,Larissa271@cliente.com,Sul,True,2013
272,Juliana Silva,Juliana272@cliente.com,Centro-Oeste,False,2003
273,Diego Santos,Diego273@cliente.com,Sudeste,False,2023
274,Thiago Melo,Thiago274@cliente.com,Sul,False,2006
275,Rodrigo Carvalho,Rodrigo275@cliente.com,,False,2026
276,Ana Mendes,Ana276@cliente.com,Centro-Oeste,True,2023
277,Lucas Martins,Lucas277@cliente.com,Nordeste,False,2010
278,Aline Santos,Aline278@cliente.com,Sudeste,True,2007
279,João Alves,João279@cliente.com,Sul,False,2001
280,Diego Araújo,Diego280@cliente.com,Nordeste,True,2009
281,Camila Costa,Camila281@cliente.com,Sul,True,2011
282,Beatriz Souza,Beatriz282@cliente.com,Norte,True,2022
283,João Souza,João283@cliente.com,Centro-Oeste,False,2019
284,Rafael Santos,Rafael284@cliente.com,Norte,False,2016
285,  Fernanda Araújo  ,Fernanda285@cliente.com,Norte,True,2018
286,Aline Pereira,Aline286@cliente.com,Nordeste,True,2006
287,Ana Lima,Ana287@cliente.com,Sul,False,2002
288,Natalia Araújo,Natalia288@cliente.com,Centro-Oeste,False,2012
289,Gabriela Mendes,Gabriela289@cliente.com,Sul,False,2001
290,Pedro Alves,Pedro290@cliente.com,Sudeste,False,2007
291,Pedro Lima,Pedro291@cliente.com,Nordeste,True,2009
292,Felipe Mendes,Felipe292@cliente.com,,False,2005
293,Fernanda Mendes,Fernanda293@cliente.com,Sudeste,False,2006
294,João Oliveira,João294@cliente.com,Sudeste,False,2019
295,Natalia Martins,Natalia295@cliente.com,Norte,True,2010
296,Ana Gomes,Ana296@cliente.com,Centro-Oeste,False,2002
297,Camila Carvalho,Camila297@cliente.com,Norte,False,2019
298,Diego Melo,Diego298@cliente.com,Norte,True,2022
299,Beatriz Rocha,Beatriz299@cliente.com,Sul,False,2010
300,Rodrigo Lima,Rodrigo300@cliente.com,,False,2012
301,Natalia Souza,Natalia301@cliente.com,Centro-Oeste,False,2004
302,João Gomes,João302@cliente.com,Centro-Oeste,False,2004
303,Thiago Gomes,Thiago303@cliente.com,Sul,False,2000
304,Camila Silva,Camila304@cliente.com,Centro-Oeste,True,2005
305,  Diego Nunes  ,Diego305@cliente.com,Sudeste,False,2010
306,Pedro Souza,Pedro306@cliente.com,Sudeste,False,2000
307,Carlos Ribeiro,Carlos307@cliente.com,,False,2002
308,Camila Araújo,Camila308@cliente.com,Sudeste,True,2005
309,Gabriela Melo,Gabriela309@cliente.com,Sul,False,2005
310,Lucas Nunes,Lucas310@cliente.com,Sul,False,2005
311,Carlos Gomes,Carlos311@cliente.com,Sudeste,False,2008
312,Carlos Ferreira,Carlos312@cliente.com,Norte,True,2019
313,Aline Alves,Aline313@cliente.com,Norte,False,2026
314,Aline Araújo,Aline314@cliente.com,Nordeste,False,2021
315,Ana Costa,Ana315@cliente.com,Sul,True,2005
316,Gabriela Nunes,Gabriela316@cliente.com,Nordeste,False,2011
317,Ana Martins,Ana317@cliente.com,Sudeste,False,2017
318,Camila Pereira,Camila318@cliente.com,Norte,False,2009
319,Carlos Rocha,Carlos319@cliente.com,Sudeste,True,2016
320,Gabriela Rocha,Gabriela320@cliente.com,Centro-Oeste,False,2002
321,João Costa,João321@cliente.com,Nordeste,False,2019
322,  Thiago Rocha  ,Thiago322@cliente.com,Nordeste,False,2004
323,Rafael Rocha,Rafael323@cliente.com,Norte,False,2001
324,  Maria Ferreira  ,Maria324@cliente.com,Nordeste,False,2021
325,Larissa Alves,Larissa325@cliente.com,Sul,True,2019
326,Pedro Mendes,Pedro326@cliente.com,Centro-Oeste,False,2007
327,Rodrigo Ribeiro,Rodrigo327@cliente.com,Sul,False,2026
328,Felipe Ribeiro,Felipe328@cliente.com,Centro-Oeste,False,2006
329,Beatriz Costa,Beatriz329@cliente.com,Nordeste,False,2011
330,Felipe Araújo,Felipe330@cliente.com,Sudeste,False,2013
331,Beatriz Santos,Beatriz331@cliente.com,Nordeste,False,2013
332,Beatriz Ribeiro,Beatriz332@cliente.com,Sul,False,2008
333,Camila Santos,Camila333@cliente.com,Sudeste,False,2005
334,Rodrigo Oliveira,Rodrigo334@cliente.com,Nordeste,False,2015
335,Natalia Pereira,Natalia335@cliente.com,Norte,False,2017
336,Felipe Araújo,Felipe336@cliente.com,Nordeste,True,2002
337,Beatriz Pereira,Beatriz337@cliente.com,Sudeste,False,2015
338,Carlos Oliveira,Carlos338@cliente.com,Sudeste,False,2007
339,Rafael Rocha,Rafael339@cliente.com,,True,2025
340,Gabriela Melo,Gabriela340@cliente.com,Nordeste,False,2013
341,Fernanda Souza,Fernanda341@cliente.com,Norte,False,2019
342,Bruno Santos,Bruno342@cliente.com,Nordeste,False,2025
343,Ana Mendes,Ana343@cliente.com,Sudeste,False,2000
344,Juliana Souza,Juliana344@cliente.com,,False,2022
345,Lucas Ferreira,Lucas345@cliente.com,Norte,False,2010
346,  Carlos Oliveira  ,Carlos346@cliente.com,Sul,False,2002
347,Juliana Gomes,Juliana347@cliente.com,Sul,False,2004
348,Rodrigo Melo,Rodrigo348@cliente.com,Centro-Oeste,False,2015
349,Larissa Silva,Larissa349@cliente.com,Norte,False,2004
350,Gabriela Costa,Gabriela350@cliente.com,,False,2012
351,Bruno Oliveira,Bruno351@cliente.com,Norte,True,2006
352,João Oliveira,João352@cliente.com,Norte,False,2012
353,Larissa Carvalho,Larissa353@cliente.com,Nordeste,False,2000
354,Juliana Carvalho,Juliana354@cliente.com,Sudeste,False,2012
355,Juliana Santos,Juliana355@cliente.com,Sudeste,False,2001
356,Thiago Silva,Thiago356@cliente.com,Sul,False,2018
357,Lucas Souza,Lucas357@cliente.com,Centro-Oeste,False,2002
358,Fernanda Costa,Fernanda358@cliente.com,,False,2023
359,  Lucas Araújo  ,Lucas359@cliente.com,Norte,False,2024
360,Aline Pereira,Aline360@cliente.com,Sudeste,True,2011
361,Beatriz Ribeiro,Beatriz361@cliente.com,Sudeste,False,2014
362,Pedro Melo,Pedro362@cliente.com,Centro-Oeste,False,2010
363,Beatriz Alves,Beatriz363@cliente.com,Nordeste,False,2000
364,Diego Pereira,Diego364@cliente.com,Norte,True,2023
365,  Juliana Oliveira  ,Juliana365@cliente.com,Sudeste,False,2014
366,João Costa,João366@cliente.com,Centro-Oeste,False,2003
367,Maria Carvalho,Maria367@cliente.com,Sudeste,False,2024
368,Gabriela Oliveira,Gabriela368@cliente.com,Sul,False,2018
369,  Fernanda Silva  ,Fernanda369@cliente.com,Norte,False,2025
370,Aline Costa,Aline370@cliente.com,Centro-Oeste,False,2023
371,  Lucas Lima  ,Lucas371@cliente.com,Sul,False,2015
372,João Souza,João372@cliente.com,Sul,False,2015
373,Fernanda Carvalho,Fernanda373@cliente.com,Sul,False,2009
374,Camila Nunes,Camila374@cliente.com,Norte,False,2010
375,João Silva,João375@cliente.com,Norte,True,2000
376,  Lucas Mendes  ,Lucas376@cliente.com,Sudeste,False,2004
377,Rafael Silva,Rafael377@cliente.com,Norte,False,2008
378,Carlos Lima,Carlos378@cliente.com,Centro-Oeste,False,2021
379,Juliana Martins,Juliana379@cliente.com,Norte,False,2024
380,Pedro Carvalho,Pedro380@cliente.com,Sudeste,False,2020
381,Lucas Oliveira,Lucas381@cliente.com,Nordeste,False,2007
382,Carlos Pereira,Carlos382@cliente.com,Sudeste,False,2012
383,Carlos Araújo,Carlos383@cliente.com,Sudeste,False,2001
384,Lucas Melo,Lucas384@cliente.com,Centro-Oeste,False,2004
385,Rafael Costa,Rafael385@cliente.com,Sudeste,False,2018
386,Felipe Lima,Felipe386@cliente.com,Nordeste,False,2002
387,Fernanda Melo,Fernanda387@cliente.com,Norte,False,2001
388,Felipe Pereira,Felipe388@cliente.com,Sudeste,False,2010
389,Felipe Santos,Felipe389@cliente.com,Sudeste,True,2024
390,Beatriz Melo,Beatriz390@cliente.com,Norte,False,2004
391,Larissa Santos,Larissa391@cliente.com,Nordeste,False,2013
392,Natalia Martins,Natalia392@cliente.com,Sudeste,False,2005
393,Camila Martins,Camila393@cliente.com,Sul,False,2017
394,Pedro Mendes,Pedro394@cliente.com,Sul,False,2019
395,Lucas Mendes,Lucas395@cliente.com,Sul,False,2019
396,Gabriela Nunes,Gabriela396@cliente.com,Sudeste,True,2009
397,João Mendes,João397@cliente.com,Sul,True,2025
398,Ana Carvalho,Ana398@cliente.com,Sudeste,True,2000
399,Rodrigo Oliveira,Rodrigo399@cliente.com,Norte,False,2018
