pedido_id,cliente_id,produto_id,data_compra,quantidade,preco,status
1,397.0,8,2025-04-04,8,2259.24,processando
2,113.0,9,2024-03-03,1,3037.77,cancelado
3,31.0,15,2024-05-19,10,1261.37,entregue
4,95.0,16,2025-04-17,7,2335.02,processando
5,165.0,12,2024-07-12,4,3931.31,entregue
6,239.0,32,2024-05-27,6,3774.71,entregue
7,99.0,6,2024-08-26,9,160.6,enviado
8,58.0,6,2024-07-12,6,617.9,enviado
9,222.0,30,2025-06-14,3,2727.64,entregue
10,267.0,11,2024-06-26,6,3240.03,cancelado
11,156.0,23,2025-07-17,10,3703.2,entregue
12,123.0,4,2025-08-11,7,3289.84,processando
13,93.0,24,2024-02-18,4,3910.24,entregue
14,167.0,3,2025-01-30,5,3315.77,cancelado
15,63.0,13,2026-01-24,7,1611.49,enviado
16,5.0,1,2025-12-28,4,1314.5,enviado
17,87.0,5,2024-09-14,2,790.04,enviado
18,131.0,21,2024-12-18,7,821.89,enviado
19,339.0,28,2025-10-26,9,3098.93,cancelado
20,286.0,1,2024-02-27,7,1466.87,entregue
21,303.0,31,2024-10-01,7,2700.4,processando
22,101.0,6,2024-04-01,2,1823.56,processando
23,134.0,32,2024-01-04,5,983.84,enviado
24,,21,2024-01-06,10,538.35,cancelado
25,381.0,23,2025-04-21,2,478.5,entregue
26,14.0,31,2025-02-09,3,1885.32,processando
27,211.0,19,2025-05-13,7,3508.83,cancelado
28,314.0,3,2024-06-03,9,36.93,processando
29,156.0,13,2025-02-16,4,2504.94,enviado
30,272.0,10,2024-07-26,4,1543.13,entregue
31,311.0,2,2024-01-05,4,1199.42,processando
32,256.0,5,2026-02-21,10,1410.99,cancelado
33,15.0,14,2024-02-29,4,743.79,entregue
34,172.0,28,2026-01-07,8,620.67,entregue
35,153.0,16,2025-03-27,7,-2265.74,entregue
36,392.0,28,2024-02-08,10,3564.75,processando
37,174.0,13,2025-06-16,5,781.91, ENVIADO 
38,316.0,20,2024-09-11,1,3970.91,entregue
39,48.0,24,2025-11-03,9,2898.01,entregue
40,372.0,24,2026-02-08,8,1132.03,cancelado
41,230.0,19,2024-09-08,7,1949.64,entregue
42,184.0,8,2024-06-05,5,962.0,entregue
43,209.0,6,2024-09-06,1,1506.18,processando
44,12.0,19,2026-01-25,-8,2376.52,enviado
45,33.0,27,2024-09-11,4,3602.97,entregue
46,229.0,31,2024-04-16,5,611.53,enviado
47,246.0,16,2024-04-08,8,3687.94,entregue
48,325.0,7,2025-04-05,10,-1402.7,processando
49,313.0,19,2024-02-26,9,1388.03,entregue
50,118.0,29,2025-08-14,6,2983.57,entregue
51,0.0,26,2025-07-28,9,2155.78,entregue
52,7.0,23,2025-09-24,9,2091.02,enviado
53,377.0,25,2024-03-31,4,2042.28,entregue
54,236.0,13,2025-12-10,6,278.33,processando
55,140.0,32,2024-08-04,3,2160.05,processando
56,46.0,24,2026-03-29,6,378.22,entregue
57,181.0,26,2025-08-14,3,3499.63,processando
58,85.0,5,2025-01-27,7,1323.86,entregue
59,271.0,31,2024-06-12,9,1504.2,entregue
60,297.0,13,2024-09-23,2,916.81,entregue
61,366.0,18,2025-02-07,-4,1110.38,enviado
62,10.0,31,2025-12-03,8,1325.11,entregue
63,286.0,12,2025-04-08,3,616.3,cancelado
64,373.0,10,2025-01-14,2,1773.36,cancelado
65,160.0,11,2025-08-25,6,1953.46,cancelado
66,68.0,20,2025-09-21,10,327.28,entregue
67,164.0,14,2024-05-22,8,1235.3,enviado
68,207.0,22,2024-03-12,4,2422.19,entregue
69,329.0,26,2024-05-03,5,1718.11,entregue
70,338.0,27,2026-01-22,8,3754.74,enviado
71,244.0,26,2025-07-08,7,1918.39,entregue
72,134.0,27,2026-03-07,1,3337.42,entregue
73,281.0,26,2024-05-26,-3,3273.06,cancelado
74,34.0,16,2025-07-06,6,2974.86,cancelado
75,193.0,25,2025-05-18,8,2685.17,entregue
76,116.0,28,2024-01-03,4,2749.42,processando
77,258.0,23,2025-07-08,4,70.03,entregue
78,54.0,15,2025-01-14,5,1880.62,cancelado
79,154.0,30,2024-04-17,3,3603.72,cancelado
80,210.0,17,2025-04-21,8,1162.89,entregue
81,11.0,5,2024-03-02,2,2986.07,enviado
82,117.0,30,2026-02-08,10,2445.39,processando
83,273.0,8,2024-12-16,8,792.07,entregue
84,73.0,30,2024-02-26,3,3739.89,processando
85,398.0,32,2026-03-23,4,3276.02,enviado
86,15.0,17,2025-06-14,7,508.41,entregue
87,338.0,4,2025-02-01,2,1212.77,entregue
88,213.0,8,2024-06-09,10,2716.41,cancelado
89,113.0,31,2024-05-13,1,883.13,entregue
90,197.0,21,2024-06-03,9,410.62,cancelado
91,373.0,23,2025-12-17,6,1750.8,entregue
92,15.0,5,2026-03-08,6,2035.73,cancelado
93,88.0,19,2025-02-01,8,2147.12,entregue
94,276.0,5,2024-01-02,9,2642.06,entregue
95,384.0,29,2025-07-13,7,2180.89,cancelado
96,345.0,3,2025-08-14,1,1183.68,cancelado
97,317.0,25,2024-05-13,8,775.76,entregue
98,51.0,21,2026-03-21,1,2357.98,cancelado
99,271.0,1,2024-05-01,10,2626.58,enviado
100,54.0,28,2024-05-13,10,70.91,entregue
101,141.0,19,2025-04-22,3,2630.99, ENTREGUE 
102,16.0,9,2026-03-17,1,588.1,enviado
103,87.0,20,2025-06-25,1,441.22,entregue
104,65.0,32,2024-02-05,2,1691.18,cancelado
105,100.0,11,2025-04-24,3,3814.01,enviado
106,166.0,19,2025-04-27,4,1870.85,enviado
107,365.0,20,2024-01-04,9,3802.06,cancelado
108,324.0,26,2024-06-15,7,918.97,processando
109,126.0,29,2024-08-19,4,2899.61,entregue
110,49.0,18,2024-07-12,3,100.08,processando
111,223.0,19,2026-01-12,-8,539.24,enviado
112,215.0,26,2025-04-14,10,3585.91,enviado
113,34.0,28,2025-10-01,9,3559.19,processando
114,239.0,1,2024-07-15,2,914.33,entregue
115,160.0,2,2025-08-18,6,2723.28,processando
116,49.0,6,2025-08-15,2,1745.07,entregue
117,86.0,30,2024-08-31,-10,2989.42,entregue
118,161.0,29,2024-01-08,5,1357.89,entregue
119,236.0,27,2025-03-23,9,3792.83,enviado
120,219.0,16,2025-12-29,8,1051.73,enviado
121,169.0,7,2025-10-25,6,483.58,entregue
122,139.0,2,2025-06-27,10,2687.87,cancelado
123,124.0,26,2024-11-27,2,2598.63,processando
124,10.0,32,2025-11-30,4,3891.57,enviado
125,114.0,4,2024-03-12,3,1949.11,entregue
126,311.0,16,2025-10-03,7,88.67,enviado
127,96.0,7,2025-04-16,6,1654.45,entregue
128,93.0,1,2024-06-10,9,1632.48,processando
129,221.0,24,2024-01-18,8,3449.26,entregue
130,369.0,7,2025-03-25,1,938.96,entregue
131,122.0,3,2024-08-22,7,2416.7,processando
132,316.0,24,2025-03-06,9,3492.43,enviado
133,187.0,9,2025-10-15,5,420.07,entregue
134,159.0,15,2024-07-03,6,-3259.51,entregue
135,248.0,4,2024-05-16,9,1804.37,enviado
136,63.0,18,2024-04-03,6,2411.73,entregue
137,302.0,30,2025-08-05,9,3540.8,entregue
138,123.0,9,2025-01-15,2,3711.88,entregue
139,,7,2025-02-17,7,653.65,processando
140,116.0,9,2025-06-29,3,1131.87,enviado
141,361.0,14,2025-05-18,10,2513.12,entregue
142,86.0,3,2025-09-26,2,1949.87,cancelado
143,360.0,29,2025-12-02,-8,2885.59,entregue
144,306.0,15,2025-10-12,10,3440.65,processando
145,263.0,5,2024-02-21,2,3722.81,cancelado
146,36.0,32,2024-12-27,1,1289.73,processando
147,383.0,8,2025-01-26,4,854.08,entregue
148,384.0,3,2025-11-13,8,2999.12,entregue
149,322.0,27,2025-03-16,9,1617.39,entregue
150,144.0,31,2026-02-04,5,1608.5,cancelado
151,49.0,10,2025-04-28,6,3940.07,entregue
152,112.0,10,2024-03-31,6,1893.01,enviado
153,323.0,14,2025-04-23,6,2021.16,processando
154,269.0,15,2024-04-22,9,3964.01, ENVIADO 
155,351.0,28,2025-02-06,3,3806.93,enviado
156,112.0,16,2026-03-22,1,2642.67,entregue
157,238.0,11,2024-06-20,6,359.21,enviado
158,17.0,7,2024-11-06,3,900.7,entregue
159,302.0,31,2025-11-11,10,2729.81,entregue
160,50.0,4,2024-11-01,8,2292.56,entregue
161,373.0,28,2025-08-19,1,2328.51,entregue
162,49.0,6,2025-10-16,6,2412.03,entregue
163,313.0,30,2024-07-06,7,2326.84,entregue
164,223.0,16,2024-07-26,4,2018.24,entregue
165,70.0,29,2026-01-12,9,1573.54,entregue
166,308.0,19,2025-06-18,7,770.03,entregue
167,239.0,10,2024-06-22,7,3264.39,enviado
168,370.0,18,2024-07-17,-10,3518.56,processando
169,311.0,11,2025-04-21,3,3579.41,entregue
170,147.0,12,2025-03-04,9,3425.58,cancelado
171,231.0,12,2025-10-01,10,3694.0,entregue
172,331.0,30,2024-08-22,10,3747.2,enviado
173,,7,2024-08-27,9,2655.41,entregue
174,348.0,32,2026-03-13,10,860.22,enviado
175,24.0,26,2024-06-27,5,1859.08,entregue
176,120.0,4,2024-07-29,6,746.64,entregue
177,395.0,14,2024-11-04,1,3127.72,cancelado
178,200.0,5,2025-10-26,1,1987.74,processando
179,279.0,3,2024-08-06,6,336.29,entregue
180,255.0,18,2024-11-07,-4,2593.85,processando
181,289.0,14,2024-07-29,1,1306.13,cancelado
182,326.0,26,2025-08-14,-4,1352.88,entregue
183,270.0,32,2025-11-06,1,2271.86,enviado
184,200.0,22,2025-03-22,8,503.27,entregue
185,18.0,2,2024-07-07,3,399.59,entregue
186,189.0,16,2026-04-19,4,2343.74,entregue
187,246.0,19,2025-09-23,-5,3722.76,enviado
188,173.0,22,2025-11-08,2,1711.74,cancelado
189,74.0,32,2025-08-16,6,2758.18,processando
190,156.0,28,2024-05-11,1,3992.84,processando
191,385.0,3,2024-10-15,8,3543.65,entregue
192,118.0,26,2025-06-12,5,3261.12,entregue
193,93.0,1,2026-02-15,3,149.31,cancelado
194,112.0,16,2026-02-04,2,3251.63,enviado
195,394.0,19,2025-10-13,2,3624.78,enviado
196,131.0,20,2025-11-20,3,1943.69,entregue
197,49.0,17,2024-09-06,1,3560.37,cancelado
198,22.0,1,2025-06-11,1,3120.07,processando
199,20.0,23,2024-03-08,9,313.13,processando
200,141.0,5,2025-12-25,9,3693.44,entregue
201,193.0,20,2024-06-03,2,2822.66,entregue
202,112.0,28,2024-09-05,10,3965.37,processando
203,112.0,21,2025-10-11,6,3178.71,processando
204,319.0,14,2025-12-22,5,816.22,cancelado
205,299.0,8,2025-04-12,3,2340.17,processando
206,199.0,9,2024-01-11,8,2862.4,cancelado
207,238.0,26,2025-11-02,1,1544.16,entregue
208,305.0,8,2025-08-31,4,2600.34,entregue
209,158.0,17,2024-12-24,2,1397.62,processando
210,139.0,18,2024-02-15,6,3276.68,cancelado
211,218.0,20,2025-01-23,5,2044.97,processando
212,221.0,32,2025-03-28,10,1198.61,entregue
213,230.0,15,2025-09-12,8,3560.86,cancelado
214,215.0,19,2026-03-11,7,2077.74,enviado
215,12.0,7,2025-10-26,9,3565.95,processando
216,334.0,8,2024-10-16,4,2240.83,enviado
217,332.0,5,2026-02-08,3,869.5,cancelado
218,157.0,30,2026-03-07,5,1649.32,processando
219,30.0,14,2024-04-25,8,3235.22,processando
220,337.0,13,2025-07-10,2,3730.14,enviado
221,264.0,25,2024-02-27,10,3419.78,entregue
222,41.0,20,2024-09-20,2,2252.18,entregue
223,74.0,13,2024-01-31,2,3831.1,entregue
224,349.0,1,2025-10-25,7,2179.77,processando
225,217.0,29,2026-02-08,7,3994.27,entregue
226,393.0,11,2025-04-21,5,591.37,enviado
227,127.0,18,2024-01-26,10,2895.22,enviado
228,103.0,3,2024-12-23,3,2740.59,enviado
229,142.0,21,2024-07-20,4,2009.98,entregue
230,260.0,21,2024-05-24,7,841.13,cancelado
231,302.0,22,2024-11-24,3,3731.43,cancelado
232,228.0,14,2025-07-17,5,477.75,entregue
233,44.0,23,2024-08-11,9,2292.13,enviado
234,14.0,24,2024-07-24,8,1336.21,entregue
235,134.0,4,2025-12-26,6,3232.62,cancelado
236,247.0,29,2025-01-15,3,2095.07,entregue
237,312.0,26,2025-03-10,1,1709.56,cancelado
238,160.0,7,2025-08-23,10,272.14,entregue
239,217.0,19,2025-06-03,9,2888.25,entregue
240,357.0,17,2025-01-25,6,2813.02, ENVIADO 
241,396.0,30,2024-01-25,6,2684.6,entregue
242,107.0,19,2025-12-15,3,1059.14,entregue
243,397.0,20,2025-07-03,7,1339.44,entregue
244,110.0,20,2026-02-18,6,3837.2,entregue
245,79.0,16,2025-01-30,4,3591.06,entregue
246,373.0,7,2025-11-15,9,452.52,cancelado
247,35.0,30,2024-11-30,9,2218.48,cancelado
248,336.0,12,2026-03-04,6,1451.14,enviado
249,372.0,10,2025-09-04,6,1532.04,entregue
250,383.0,31,2025-09-04,3,1513.69,enviado
251,28.0,26,2026-03-09,6,3274.06,entregue
252,202.0,1,2024-07-30,9,3142.75,enviado
253,133.0,20,2024-02-24,8,3006.33,enviado
254,315.0,3,2024-09-28,8,832.79,processando
255,352.0,24,2025-03-17,6,136.14,entregue
256,30.0,15,2026-04-03,6,1181.54,entregue
257,129.0,25,2025-08-14,8,2761.31,entregue
258,117.0,9,2026-01-19,6,2738.46,entregue
259,191.0,1,2025-12-05,8,3921.35,entregue
260,239.0,32,2024-05-09,2,3456.09,enviado
261,395.0,20,2025-09-27,10,2287.39,cancelado
262,278.0,9,2024-11-14,1,3482.35,entregue
263,147.0,2,2025-07-21,9,1664.79,entregue
264,128.0,7,2024-05-20,10,1599.98,entregue
265,134.0,22,2025-04-12,8,1859.39,processando
266,393.0,15,2025-01-03,8,3554.49,processando
267,387.0,19,2025-09-06,9,1913.12,entregue
268,63.0,22,2025-03-25,7,1676.81,enviado
269,301.0,22,2024-03-12,7,2282.46,cancelado
270,152.0,12,2024-12-16,10,3795.05,processando
271,105.0,32,2025-01-08,2,3928.27,cancelado
272,322.0,32,2026-01-08,2,1506.48,entregue
273,334.0,30,2025-01-20,4,3473.11,entregue
274,213.0,24,2024-06-11,7,500.36,enviado
275,48.0,23,2024-02-22,7,3000.12,cancelado
276,309.0,11,2026-04-20,7,2000.54,entregue
277,256.0,15,2025-05-28,6,1713.91,entregue
278,362.0,28,2026-02-27,10,1366.66,entregue
279,353.0,10,2024-07-29,9,2959.99,processando
280,29.0,1,2025-02-27,1,787.67,processando
281,106.0,14,2025-02-07,1,2209.82,entregue
282,36.0,4,2025-09-26,6,752.25,processando
283,82.0,32,2025-05-29,4,1927.77,cancelado
284,6.0,31,2024-07-11,9,1807.82,entregue
285,23.0,5,2024-10-13,10,3126.4,processando
286,241.0,17,2024-09-09,9,-338.11,processando
287,140.0,22,2025-12-15,10,3675.55,processando
288,307.0,15,2025-09-16,9,1279.87,entregue
289,390.0,5,2024-08-03,9,3700.32,entregue
290,4.0,13,2025-01-08,8,3612.67,cancelado
291,177.0,1,2024-06-05,9,900.68,entregue
292,258.0,14,2025-09-13,1,2864.91,enviado
293,237.0,17,2025-05-05,9,2703.83,enviado
294,61.0,27,2026-02-07,8,3048.24,entregue
295,218.0,17,2025-12-31,6,1989.24,enviado
296,140.0,19,2024-07-18,5,1283.58,entregue
297,86.0,5,2026-03-25,2,3932.21,processando
298,289.0,22,2024-09-30,9,1253.9,entregue
299,246.0,1,2026-04-04,4,2985.72,enviado
300,314.0,31,2024-10-04,10,874.79,entregue
301,187.0,29,2024-11-24,9,-2135.65, ENTREGUE 
302,,28,2025-03-31,4,860.14,processando
303,321.0,29,2024-06-17,6,972.1,entregue
304,352.0,31,2024-02-21,3,97.14,cancelado
305,311.0,5,2025-08-17,4,1649.62,cancelado
306,321.0,27,2025-08-21,7,1046.13,enviado
307,386.0,25,2024-02-01,-2,2947.44,entregue
308,8.0,19,2024-07-15,9,2970.93,cancelado
309,338.0,13,2025-12-05,4,3831.13,entregue
310,45.0,19,2025-10-29,5,1937.41,cancelado
311,114.0,6,2024-10-09,1,1917.55,enviado
312,18.0,2,2024-05-18,5,1042.86,processando
313,93.0,29,2025-12-31,9,1072.72,entregue
314,250.0,22,2025-05-26,6,25.9,entregue
315,349.0,9,2024-04-05,1,3728.68,entregue
316,381.0,31,2025-03-02,7,159.01,enviado
317,281.0,27,2025-08-13,7,1829.9,entregue
318,173.0,10,2025-02-16,5,2365.62,entregue
319,108.0,31,2025-03-12,1,1494.66,cancelado
320,46.0,8,2025-03-31,10,3611.75,enviado
321,282.0,20,2025-07-09,9,2639.36,entregue
322,299.0,25,2024-04-12,7,271.15,entregue
323,187.0,18,2024-06-04,1,2546.16,cancelado
324,320.0,4,2024-06-10,4,3103.56,entregue
325,34.0,8,2024-09-04,6,3021.37, ENTREGUE 
326,111.0,14,2026-02-22,10,1843.98,entregue
327,370.0,27,2024-12-23,3,536.23,cancelado
328,341.0,11,2025-03-19,4,3193.3,entregue
329,58.0,16,2024-07-24,7,2970.43,processando
330,156.0,9,2025-04-15,-2,1665.78,entregue
331,54.0,30,2025-04-08,5,1949.67,entregue
332,387.0,7,2024-12-16,2,1168.6,entregue
333,358.0,17,2024-07-31,2,590.21,processando
334,382.0,28,2025-09-06,7,1339.8,entregue
335,26.0,20,2024-07-25,8,-1125.75,processando
336,328.0,15,2025-02-28,5,3278.16,processando
337,62.0,15,2025-02-27,8,2376.52,entregue
338,26.0,7,2024-04-15,5,229.53,entregue
339,398.0,7,2024-10-10,6,2404.98,enviado
340,100.0,28,2025-06-17,1,1756.59,entregue
341,21.0,26,2026-04-20,9,3716.14,enviado
342,365.0,5,2026-04-09,7,1085.7,entregue
343,351.0,25,2025-04-26,3,387.59,processando
344,279.0,14,2026-03-12,1,227.99,entregue
345,112.0,24,2025-11-04,8,2051.57,entregue
346,222.0,24,2024-08-15,2,1139.65,entregue
347,295.0,10,2025-12-17,6,3367.81,entregue
348,348.0,15,2024-09-12,10,2055.0,processando
349,74.0,4,2024-08-08,1,2185.55,entregue
350,352.0,15,2025-03-09,7,3496.57,entregue
351,139.0,25,2025-09-23,1,22.47,entregue
352,277.0,7,2024-05-09,2,537.11,entregue
353,272.0,17,2026-01-18,10,1386.42,cancelado
354,27.0,31,2025-03-12,1,640.14,cancelado
355,19.0,15,2024-02-16,9,2752.42,entregue
356,381.0,4,2026-02-12,6,1285.09,cancelado
357,3.0,8,2025-05-09,4,2145.19,processando
358,397.0,24,2025-06-09,4,3988.09,entregue
359,300.0,26,2024-09-23,4,271.96,processando
360,49.0,27,2024-01-21,7,3402.45,processando
361,44.0,16,2024-07-02,4,940.78,entregue
362,109.0,15,2024-01-24,9,2591.27,processando
363,250.0,13,2025-05-28,9,3085.02,entregue
364,69.0,8,2024-01-07,3,2016.32,processando
365,56.0,15,2024-06-09,10,3917.76,cancelado
366,367.0,19,2025-09-28,5,3198.01,processando
367,158.0,20,2025-07-12,1,2123.48,enviado
368,311.0,5,2024-08-30,3,1814.17,cancelado
369,83.0,9,2025-08-29,4,2954.99,enviado
370,92.0,5,2025-04-12,-4,2049.27,entregue
371,128.0,23,2025-02-25,5,1311.61,entregue
372,386.0,7,2024-03-28,3,3704.93,entregue
373,49.0,29,2026-01-02,9,2724.54,enviado
374,398.0,5,2026-01-18,1,3816.19,entregue
375,292.0,21,2024-05-20,9,1836.57,entregue
376,164.0,21,2025-04-12,5,895.76,entregue
377,268.0,18,2024-01-29,5,3131.44,enviado
378,112.0,1,2024-11-03,-10,1737.05,enviado
379,252.0,25,2024-04-16,-3,1598.84,enviado
380,345.0,8,2024-12-02,5,1661.78,entregue
381,392.0,4,2026-01-15,9,42.17, ENTREGUE 
382,96.0,11,2025-11-03,10,3277.85,processando
383,221.0,29,2024-01-25,8,3496.6,entregue
384,249.0,21,2025-04-16,3,1268.96,processando
385,103.0,8,2024-09-26,2,3648.63,entregue
386,189.0,19,2025-01-08,2,3263.2,enviado
387,212.0,20,2025-03-16,7,2910.76,processando
388,137.0,17,2025-03-09,1,3556.37,processando
389,309.0,3,2026-01-08,10,1276.81,enviado
390,95.0,17,2024-10-28,-4,826.68,cancelado
391,78.0,5,2024-10-27,7,1275.76,cancelado
392,338.0,6,2024-09-12,6,576.92,cancelado
393,268.0,26,2025-07-20,5,2791.73,processando
394,309.0,18,2024-06-13,-3,2230.42,cancelado
395,326.0,17,2024-11-15,8,719.55,cancelado
396,11.0,21,2024-05-29,2,3854.32,entregue
397,10.0,3,2025-03-07,9,3571.79,enviado
398,73.0,6,2024-06-25,5,609.46,entregue
399,37.0,2,2025-09-08,10,3889.78,entregue
400,245.0,3,2025-12-23,3,1342.44,cancelado
401,118.0,23,2024-11-17,1,612.78,cancelado
402,108.0,32,2025-02-14,5,491.8,entregue
403,42.0,11,2025-03-08,10,3255.97,entregue
404,232.0,7,2024-04-19,1,343.94,entregue
405,286.0,22,2026-03-14,8,2025.29,entregue
406,274.0,23,2025-01-26,2,2366.48,entregue
407,267.0,3,2025-12-21,5,83.57,entregue
408,100.0,15,2026-02-27,7,3395.89,entregue
409,360.0,6,2025-07-22,4,3172.19,processando
410,196.0,9,2026-03-20,7,3170.27,processando
411,226.0,12,2025-03-06,2,277.57,entregue
412,227.0,22,2026-04-11,-5,3260.56,entregue
413,,13,2025-11-06,9,3438.32,entregue
414,192.0,15,2024-10-30,7,3728.57,entregue
415,193.0,4,2025-11-23,1,3200.7,entregue
416,251.0,19,2025-01-19,2,269.5,cancelado
417,30.0,13,2024-08-01,4,772.88,entregue
418,21.0,13,2024-10-04,7,2871.28,processando
419,353.0,19,2025-04-14,5,2854.51,processando
420,341.0,12,2025-01-09,8,1214.16,entregue
421,8.0,6,2024-12-06,9,1665.6,enviado
422,248.0,22,2026-01-27,8,3643.72,enviado
423,249.0,29,2026-03-30,7,3656.29,entregue
424,63.0,18,2024-09-28,2,51.11,entregue
425,397.0,28,2026-03-31,3,360.56,entregue
426,181.0,15,2025-06-11,2,1401.3,entregue
427,291.0,23,2026-02-18,6,2194.09,entregue
428,283.0,11,2025-12-11,1,500.2,enviado
429,272.0,23,2025-10-08,7,1048.05,entregue
430,116.0,2,2026-01-09,8,3431.51,entregue
431,18.0,29,2025-07-04,5,2243.16,entregue
432,328.0,28,2024-10-25,5,2262.86,entregue
433,351.0,23,2025-10-15,5,222.69,entregue
434,246.0,11,2025-06-26,10,889.11,entregue
435,349.0,30,2024-12-26,2,2414.5,processando
436,149.0,29,2024-12-06,7,2200.37,entregue
437,28.0,20,2025-12-14,3,508.28,processando
438,155.0,8,2025-01-12,1,607.21,entregue
439,238.0,14,2024-06-01,6,3226.36,enviado
440,260.0,14,2024-12-06,10,3593.61,entregue
441,368.0,18,2025-01-29,2,1886.48,entregue
442,209.0,18,2024-11-05,7,3851.79,processando
443,345.0,15,2025-06-30,10,3006.49,entregue
444,347.0,13,2024-07-21,1,3431.27,entregue
445,295.0,11,2024-10-06,1,3202.28,entregue
446,222.0,25,2025-08-13,8,596.83,enviado
447,4.0,27,2025-05-21,6,3076.49,entregue
448,299.0,22,2024-02-28,9,1060.48,entregue
449,380.0,29,2024-07-19,5,3248.15,entregue
450,161.0,20,2025-01-07,5,3946.28,entregue
451,211.0,10,2024-10-03,2,3687.39,processando
452,75.0,17,2025-01-03,7,3879.7,entregue
453,,10,2025-10-17,10,2128.15,entregue
454,259.0,26,2024-09-11,2,2160.47,enviado
455,356.0,2,2024-04-05,6,3991.03,processando
456,215.0,15,2025-09-15,4,3009.99,entregue
457,260.0,12,2024-06-09,2,432.94,entregue
458,242.0,13,2025-01-25,6,2276.85,entregue
459,48.0,2,2026-04-28,6,2191.76,entregue
460,349.0,4,2025-01-24,4,3463.42,entregue
461,240.0,7,2026-03-08,8,1488.96,enviado
462,286.0,3,2024-05-24,4,3177.62,processando
463,317.0,17,2025-05-23,9,3979.73,entregue
464,144.0,13,2025-06-24,2,2561.47,processando
465,328.0,12,2024-06-19,10,1906.31,enviado
466,96.0,4,2025-05-29,5,2252.99,processando
467,305.0,18,2024-06-28,4,300.98,entregue
468,358.0,13,2024-11-10,4,3046.36,entregue
469,111.0,19,2024-11-14,10,1835.41,entregue
470,81.0,10,2026-04-28,1,2618.11,entregue
471,192.0,14,2025-11-09,5,3081.08,entregue
472,108.0,2,2024-07-17,8,3537.43,processando
473,333.0,5,2024-02-23,3,2443.96,processando
474,274.0,6,2024-08-27,7,890.44,cancelado
475,186.0,13,2024-02-18,5,2845.28,enviado
476,398.0,25,2025-08-02,2,1533.85,enviado
477,14.0,12,2024-05-19,3,692.0,processando
478,295.0,31,2024-10-30,8,2837.02,entregue
479,165.0,16,2024-06-10,7,2464.31,enviado
480,296.0,21,2024-02-27,9,198.78,entregue
481,48.0,9,2024-03-20,6,-3635.54,cancelado
482,206.0,26,2024-05-19,10,1556.67,entregue
483,272.0,20,2024-02-18,10,3133.07,processando
484,24.0,27,2025-10-03,9,3572.74,cancelado
485,165.0,32,2024-01-15,5,3897.98,enviado
486,292.0,11,2026-01-16,5,793.39,entregue
487,358.0,12,2024-05-20,1,3748.25,cancelado
488,195.0,11,2024-03-25,3,3877.42,entregue
489,76.0,4,2024-12-20,2,2146.73,entregue
490,198.0,27,2025-01-01,5,3293.15,cancelado
491,74.0,10,2024-07-20,6,3168.05,entregue
492,259.0,11,2024-08-29,5,130.01,enviado
493,193.0,29,2025-10-20,5,1229.22,enviado
494,64.0,10,2025-08-22,3,-1509.76,entregue
495,122.0,8,2025-03-30,9,1135.46,entregue
496,260.0,7,2024-08-22,7,3449.38,entregue
497,175.0,18,2025-06-26,8,3933.5,enviado
498,178.0,18,2025-03-23,6,2946.56,entregue
499,278.0,24,2025-04-16,9,344.65,enviado
500,42.0,26,2024-12-18,10,1902.58,entregue
501,277.0,26,2026-02-12,4,-1206.35,entregue
502,118.0,12,2024-05-10,1,3332.38,entregue
503,284.0,16,2026-02-18,1,1338.8,processando
504,221.0,27,2025-12-27,8,233.19,entregue
505,88.0,19,2025-06-30,8,3761.68,cancelado
506,210.0,23,2026-03-15,4,156.86,entregue
507,183.0,9,2026-04-20,5,2261.7,processando
508,22.0,4,2025-02-11,3,2685.22,entregue
509,221.0,16,2024-09-02,7,680.38,processando
510,286.0,6,2026-03-20,1,2035.08,entregue
511,215.0,30,2026-03-22,5,1866.82,entregue
512,347.0,18,2024-04-13,6,324.8,enviado
513,250.0,18,2025-09-06,3,2017.63,entregue
514,95.0,29,2025-04-15,2,3801.81,entregue
515,233.0,8,2026-04-26,6,2076.63,entregue
516,174.0,24,2024-08-30,2,2199.48,entregue
517,10.0,23,2024-09-22,5,938.66,cancelado
518,308.0,12,2025-12-14,1,1031.56, PROCESSANDO 
519,43.0,2,2026-03-28,1,-3328.91,enviado
520,337.0,13,2026-01-31,5,1648.22,processando
521,0.0,9,2024-03-13,1,1607.29,enviado
522,279.0,8,2025-08-19,9,1905.14,entregue
523,295.0,14,2025-01-27,9,2329.17,entregue
524,159.0,17,2025-04-18,7,2683.24,entregue
525,278.0,24,2025-04-11,6,2515.57,entregue
526,361.0,29,2024-09-09,7,1525.73,enviado
527,69.0,26,2024-10-22,9,1499.6,entregue
528,82.0,16,2025-09-11,9,159.3,entregue
529,190.0,8,2025-07-01,2,2694.46,processando
530,396.0,17,2024-02-01,10,450.35,cancelado
531,307.0,5,2025-01-03,3,1660.56,entregue
532,323.0,6,2024-12-21,1,3750.0,entregue
533,361.0,18,2025-12-14,9,3698.55,enviado
534,319.0,1,2024-12-10,9,-2386.81,entregue
535,284.0,26,2024-07-31,1,3532.45,entregue
536,208.0,24,2025-01-27,8,2128.37,entregue
537,33.0,3,2024-08-15,4,3465.28,entregue
538,174.0,3,2026-03-16,4,2174.08,entregue
539,178.0,28,2025-06-05,-7,2899.86,enviado
540,144.0,13,2025-08-10,4,3945.15,entregue
541,315.0,4,2025-01-30,3,22.68,processando
542,55.0,2,2025-07-24,8,3461.69,entregue
543,54.0,21,2024-11-26,2,1931.43,enviado
544,298.0,21,2025-05-29,2,2028.43,enviado
545,371.0,25,2024-01-27,10,1809.7,enviado
546,192.0,26,2026-03-30,6,3709.96,enviado
547,166.0,31,2024-08-26,7,2297.98,entregue
548,199.0,31,2024-03-09,2,3395.75,entregue
549,343.0,16,2025-02-14,2,2435.68,cancelado
550,398.0,22,2024-07-09,7,816.32,entregue
551,66.0,15,2024-04-08,3,3729.45,entregue
552,380.0,26,2025-12-17,8,2330.95,enviado
553,136.0,18,2024-02-15,7,388.76,enviado
554,269.0,24,2026-02-27,2,3456.56,entregue
555,298.0,26,2025-04-29,6,1985.38,enviado
556,297.0,31,2024-03-01,8,2011.25,entregue
557,155.0,5,2025-04-19,4,287.82,entregue
558,130.0,3,2025-08-07,4,1076.21,enviado
559,41.0,26,2026-01-05,10,3920.51,cancelado
560,205.0,22,2026-04-24,2,1100.85,enviado
561,306.0,6,2025-10-22,1,1179.58,cancelado
562,203.0,32,2025-02-26,3,1318.58, CANCELADO 
563,37.0,11,2025-03-26,7,3140.71,entregue
564,,27,2025-05-18,2,181.07,entregue
565,374.0,25,2024-03-28,4,501.26,entregue
566,385.0,30,2024-09-05,10,3053.12,processando
567,198.0,29,2025-07-06,7,1791.95,enviado
568,229.0,1,2025-07-23,-3,2000.17,cancelado
569,274.0,4,2025-07-28,2,3282.99,entregue
570,386.0,5,2025-01-18,2,569.64,entregue
571,110.0,9,2024-12-21,2,1945.86,entregue
572,122.0,18,2024-02-24,1,3613.82,enviado
573,204.0,23,2026-01-19,1,388.53,entregue
574,69.0,18,2024-09-14,1,1382.39,entregue
575,184.0,9,2025-03-04,7,2249.78,enviado
576,100.0,22,2024-03-20,2,2513.11,enviado
577,228.0,9,2025-09-18,4,1814.78,processando
578,115.0,18,2025-09-29,1,242.07,entregue
579,88.0,28,2025-05-07,8,2552.43,enviado
580,121.0,3,2024-02-08,2,186.4,processando
581,213.0,28,2024-01-06,9,3487.73,processando
582,97.0,19,2024-08-02,1,3139.6,entregue
583,255.0,11,2024-03-29,2,342.88,enviado
584,45.0,7,2024-01-29,6,1676.23,processando
585,278.0,29,2025-01-04,5,2530.43,entregue
586,283.0,11,2026-04-05,7,1286.54,entregue
587,258.0,20,2026-04-09,8,2155.53,enviado
588,247.0,9,2024-05-14,9,665.61,entregue
589,301.0,7,2024-09-29,3,1657.64,processando
590,95.0,5,2026-02-17,5,268.26,entregue
591,332.0,14,2024-02-19,5,612.56,entregue
592,180.0,7,2026-04-10,1,896.76,entregue
593,378.0,32,2025-11-23,3,253.11,entregue
594,218.0,16,2025-01-15,5,2912.75,entregue
595,282.0,23,2024-02-23,9,3511.9,entregue
596,155.0,6,2025-12-01,2,3831.6,cancelado
597,258.0,18,2024-04-05,2,1111.6,entregue
598,298.0,21,2025-07-01,3,168.54,entregue
599,12.0,32,2024-02-19,2,2627.06,cancelado
600,257.0,2,2024-12-03,4,3084.05,entregue
601,305.0,10,2024-08-10,8,760.27,processando
602,380.0,21,2024-03-11,2,2002.9,cancelado
603,374.0,26,2025-03-25,1,2068.81,enviado
604,82.0,18,2024-02-23,8,1390.07,entregue
605,215.0,19,2025-08-10,10,1948.71,cancelado
606,390.0,24,2026-03-03,4,1681.15,entregue
607,353.0,20,2025-08-01,2,1601.12,entregue
608,356.0,5,2025-01-10,5,2469.95,enviado
609,88.0,8,2026-02-23,6,1461.77,cancelado
610,394.0,18,2024-09-26,2,3024.51,entregue
611,275.0,27,2025-01-07,8,3059.23,enviado
612,185.0,19,2024-05-24,1,1284.15,entregue
613,111.0,23,2025-11-06,5,2314.56,enviado
614,318.0,9,2024-01-09,1,291.3,cancelado
615,386.0,13,2024-06-16,4,1706.35,entregue
616,381.0,14,2024-08-02,9,697.73,entregue
617,82.0,6,2025-10-04,3,1671.28,cancelado
618,177.0,18,2026-04-23,2,2668.35,processando
619,238.0,4,2025-06-28,7,625.76,processando
620,373.0,16,2024-08-18,6,3518.74,entregue
621,90.0,17,2024-04-04,6,3015.02,processando
622,259.0,19,2024-05-04,7,3969.76,enviado
623,108.0,16,2025-03-28,7,1676.96,enviado
624,12.0,4,2024-12-22,8,1722.27,enviado
625,233.0,29,2026-04-22,10,1829.93,entregue
626,95.0,8,2024-05-31,4,2529.76,enviado
627,265.0,31,2024-10-18,5,-3806.25,entregue
628,137.0,10,2024-11-06,2,3440.95,processando
629,138.0,32,2025-07-13,5,1693.32,entregue
630,167.0,23,2024-06-06,9,1510.94,entregue
631,192.0,16,2024-02-20,9,544.39,processando
632,285.0,4,2025-12-09,9,1093.46,entregue
633,381.0,31,2024-06-27,6,558.32,cancelado
634,384.0,24,2024-12-31,5,1804.31,processando
635,292.0,2,2026-04-10,4,1689.29,entregue
636,46.0,6,2026-01-25,8,977.6,enviado
637,386.0,5,2025-07-05,5,3156.82,entregue
638,82.0,14,2025-10-29,3,2001.18,entregue
639,354.0,30,2025-01-10,5,3290.28,enviado
640,46.0,13,2024-05-19,1,1917.67,entregue
641,133.0,26,2025-01-11,2,1953.3,entregue
642,122.0,24,2026-02-22,4,2847.32,cancelado
643,198.0,20,2024-02-14,2,3199.98,processando
644,336.0,10,2025-10-06,8,27.51,entregue
645,144.0,29,2026-01-15,10,696.88,enviado
646,290.0,21,2024-01-10,5,2353.83,entregue
647,209.0,12,2024-08-17,6,3003.64,entregue
648,331.0,25,2025-06-03,4,2716.0,cancelado
649,399.0,21,2024-12-14,10,1379.6,entregue
650,302.0,27,2025-06-14,1,226.7,entregue
651,255.0,7,2024-02-15,9,2881.68,enviado
652,256.0,13,2024-11-03,10,3552.24,enviado
653,262.0,30,2024-05-23,2,2714.89,cancelado
654,166.0,15,2024-04-12,10,3647.66,entregue
655,252.0,23,2025-06-13,5,830.44,entregue
656,358.0,8,2025-01-17,6,296.14,processando
657,218.0,21,2025-01-31,10,1847.45,processando
658,382.0,31,2025-08-29,2,1193.69,enviado
659,287.0,26,2024-05-15,10,2961.74,enviado
660,384.0,23,2024-06-27,8,2501.32,entregue
661,78.0,26,2024-04-28,10,953.33,cancelado
662,196.0,25,2026-04-23,4,614.99,entregue
663,285.0,18,2024-08-02,9,98.02,processando
664,345.0,28,2024-04-07,9,1136.63,processando
665,136.0,21,2025-07-19,9,1191.63,enviado
666,305.0,23,2025-01-22,-7,3834.87,entregue
667,113.0,25,2025-12-17,4,3869.83,cancelado
668,359.0,29,2025-02-21,10,1629.88,cancelado
669,117.0,5,2026-03-02,4,3798.0,cancelado
670,165.0,31,2025-02-21,1,3728.24,cancelado
671,121.0,2,2024-01-28,7,2593.63,entregue
672,150.0,12,2025-02-06,3,2296.94,cancelado
673,325.0,14,2025-11-15,3,3736.27,processando
674,34.0,9,2024-03-24,7,88.69,processando
675,204.0,21,2025-02-15,2,3149.84,cancelado
676,284.0,28,2025-12-14,7,3041.31, ENVIADO 
677,11.0,3,2025-03-28,3,1282.37,enviado
678,322.0,24,2025-07-13,7,3190.49,entregue
679,59.0,11,2024-12-02,6,2639.47,cancelado
680,,31,2025-03-31,7,177.17,enviado
681,355.0,8,2024-03-02,3,1853.17,entregue
682,245.0,30,2025-08-22,7,3249.81,entregue
683,132.0,10,2024-10-23,1,2726.59,processando
684,33.0,27,2025-06-03,3,2495.52,entregue
685,315.0,25,2024-03-14,6,2844.67,entregue
686,336.0,17,2024-12-09,7,1723.37,enviado
687,136.0,21,2025-12-28,-6,3003.6,cancelado
688,390.0,31,2025-03-21,2,3452.93,entregue
689,369.0,25,2026-01-15,8,771.92,cancelado
690,63.0,17,2024-12-10,6,3764.02,processando
691,365.0,30,2024-11-01,8,2756.52,processando
692,189.0,12,2024-12-04,6,2624.7,entregue
693,235.0,9,2025-11-09,9,3342.88,entregue
694,131.0,25,2025-04-23,8,2026.24,cancelado
695,282.0,3,2026-01-28,3,1342.61,processando
696,326.0,8,2024-02-02,9,2973.42,processando
697,130.0,18,2025-02-21,9,2483.94,enviado
698,141.0,11,2025-03-31,10,1438.67,entregue
699,261.0,18,2025-11-11,1,169.3,entregue
700,124.0,11,2025-09-07,5,3438.82,entregue
701,257.0,10,2024-01-06,2,1097.27,entregue
702,266.0,20,2025-04-13,-7,2928.73,cancelado
703,209.0,16,2024-08-31,3,1137.4,entregue
704,40.0,18,2024-08-04,7,469.69,cancelado
705,305.0,2,2024-07-01,7,2628.83,cancelado
706,91.0,23,2026-04-12,7,3959.25,entregue
707,102.0,31,2025-09-22,7,350.21,entregue
708,57.0,24,2024-06-26,5,1743.49,enviado
709,311.0,32,2024-05-28,9,2098.19,processando
710,317.0,20,2025-09-23,9,3791.59,cancelado
711,216.0,32,2024-02-21,1,2819.98,entregue
712,306.0,20,2025-02-25,9,3548.78,cancelado
713,202.0,26,2025-06-06,1,3795.62,entregue
714,101.0,17,2025-10-24,1,3698.46,entregue
715,342.0,21,2025-01-10,4,458.03,entregue
716,192.0,4,2025-09-08,9,734.34,cancelado
717,96.0,26,2024-03-30,3,1514.27,processando
718,288.0,31,2026-04-13,3,1621.2,cancelado
719,38.0,23,2026-04-06,2,2823.6,enviado
720,200.0,26,2026-01-23,8,1843.92,processando
721,223.0,12,2025-07-02,4,1906.99,processando
722,294.0,31,2024-12-05,9,1315.44,entregue
723,121.0,13,2025-06-19,5,2621.39,enviado
724,256.0,23,2024-01-11,10,3942.07,entregue
725,369.0,16,2025-09-10,8,755.24,entregue
726,40.0,5,2025-08-04,6,3686.25,entregue
727,391.0,19,2024-03-29,7,2431.64,entregue
728,327.0,28,2024-05-08,4,3802.69,entregue
729,335.0,4,2025-07-21,-9,-1049.31,enviado
730,278.0,30,2025-02-15,9,3933.44, ENTREGUE 
731,311.0,32,2026-04-27,7,1252.99,processando
732,50.0,9,2024-02-08,9,953.01,cancelado
733,293.0,16,2026-01-31,2,3207.39,entregue
734,126.0,6,2025-01-11,1,1215.22,processando
735,42.0,26,2025-08-08,4,1551.95,enviado
736,377.0,31,2026-01-28,7,1881.62,enviado
737,353.0,13,2025-07-23,1,3418.53,processando
738,60.0,12,2025-12-06,6,823.5,entregue
739,74.0,13,2026-02-07,8,2062.94,cancelado
740,153.0,13,2024-04-04,2,2806.11,cancelado
741,84.0,5,2025-10-28,8,2200.76,processando
742,285.0,7,2024-02-28,8,1141.04,cancelado
743,294.0,10,2024-05-31,-5,3335.87,entregue
744,45.0,1,2026-01-19,-9,1754.71,entregue
745,31.0,28,2024-11-28,5,3239.36,cancelado
746,288.0,10,2024-07-20,9,1674.71,entregue
747,228.0,17,2025-08-25,1,1459.44,enviado
748,396.0,31,2026-04-28,7,3685.85,entregue
749,185.0,10,2025-07-02,4,2055.14,processando
750,289.0,4,2025-07-13,3,2796.95,enviado
751,15.0,17,2025-07-09,6,987.17,entregue
752,223.0,12,2024-12-02,9,117.07,enviado
753,87.0,7,2025-08-27,9,3993.01,enviado
754,351.0,14,2024-04-10,2,2938.89,entregue
755,55.0,6,2024-11-14,1,3249.07,processando
756,43.0,24,2024-07-28,10,1178.45,entregue
757,30.0,29,2024-11-21,10,1036.6,processando
758,380.0,6,2024-03-26,2,1547.02,entregue
759,2.0,3,2025-05-12,5,388.6,entregue
760,279.0,28,2024-03-21,-1,2499.06,entregue
761,222.0,4,2026-02-22,3,34.74,processando
762,45.0,26,2024-03-20,3,1422.11,cancelado
763,160.0,15,2025-10-10,9,1217.6,enviado
764,296.0,18,2024-06-24,5,1374.49,processando
765,235.0,27,2026-02-09,4,1277.68,enviado
766,384.0,14,2024-12-17,10,522.92,enviado
767,377.0,18,2025-07-03,7,2466.19,entregue
768,290.0,17,2026-03-28,2,3524.54,cancelado
769,95.0,17,2024-09-27,6,1572.12,entregue
770,10.0,18,2024-10-25,7,3075.88,cancelado
771,166.0,8,2024-09-25,9,439.45,cancelado
772,93.0,31,2025-03-25,3,2922.2,processando
773,392.0,28,2024-10-16,8,1557.86,entregue
774,356.0,21,2026-02-20,1,1807.14,cancelado
775,98.0,15,2025-04-28,10,3546.96,cancelado
776,282.0,9,2024-11-29,2,42.41, CANCELADO 
777,27.0,24,2024-05-19,7,3819.59,entregue
778,384.0,28,2026-04-12,7,3998.96,cancelado
779,259.0,30,2024-02-28,9,3121.36,entregue
780,98.0,29,2025-11-12,10,1815.2,entregue
781,83.0,1,2025-01-18,8,184.37,enviado
782,344.0,12,2025-10-05,3,2378.95,processando
783,190.0,28,2024-06-30,5,794.85,processando
784,49.0,25,2025-05-22,4,3886.42,enviado
785,13.0,2,2024-08-05,9,3353.1,enviado
786,163.0,19,2025-05-29,7,1499.42,entregue
787,124.0,10,2024-05-06,8,2126.3,entregue
788,364.0,22,2025-08-03,5,2568.78,cancelado
789,98.0,32,2025-02-18,-8,3615.52,enviado
790,182.0,4,2025-09-12,8,1822.93,cancelado
791,157.0,5,2026-02-03,4,3607.51,entregue
792,204.0,5,2025-01-23,6,463.9,enviado
793,33.0,5,2024-04-29,4,2618.48,entregue
794,134.0,24,2025-03-23,8,837.35,cancelado
795,148.0,15,2024-11-08,7,2453.24,entregue
796,391.0,3,2024-07-10,9,1600.34,entregue
797,319.0,21,2024-10-21,6,-1213.58,cancelado
798,78.0,6,2025-07-08,6,2333.46,entregue
799,100.0,7,2025-04-04,10,2033.66,entregue
800,382.0,31,2025-11-13,4,2507.63,entregue
801,219.0,21,2024-05-31,6,3281.71,entregue
802,102.0,5,2026-01-22,8,3345.94,enviado
803,77.0,3,2024-04-24,5,1051.6,cancelado
804,356.0,2,2025-06-25,7,1063.6,entregue
805,246.0,29,2025-03-02,2,2478.63,entregue
806,362.0,1,2024-08-27,1,1117.98,entregue
807,374.0,8,2025-08-01,9,2511.42,entregue
808,114.0,1,2024-05-21,4,137.64,enviado
809,359.0,29,2025-09-02,4,1169.13,entregue
810,117.0,17,2025-06-16,7,352.68,processando
811,9.0,12,2024-07-28,4,478.87,entregue
812,334.0,6,2024-03-02,5,1495.82,entregue
813,154.0,21,2024-03-09,4,2413.5,enviado
814,29.0,15,2025-02-28,10,1018.53,entregue
815,131.0,28,2025-07-14,3,1621.02,entregue
816,121.0,2,2025-03-19,2,281.88,cancelado
817,38.0,9,2025-12-02,2,1742.75,enviado
818,144.0,29,2025-06-29,9,2921.91,enviado
819,222.0,29,2024-11-28,1,3093.76,processando
820,214.0,6,2024-02-29,3,2689.23,processando
821,16.0,6,2025-09-30,4,3924.44,entregue
822,202.0,17,2024-11-15,4,2828.96,cancelado
823,355.0,23,2026-04-13,-7,3375.03,enviado
824,304.0,23,2026-04-26,7,352.29,entregue
825,249.0,5,2025-12-24,7,1507.36,processando
826,215.0,10,2025-04-26,10,2752.78,enviado
827,83.0,24,2025-12-12,8,3627.58,processando
828,196.0,8,2025-02-17,8,2105.59,enviado
829,202.0,18,2025-10-15,3,3046.77,enviado
830,394.0,25,2024-04-24,2,2450.6,enviado
831,156.0,11,2025-12-20,6,537.87,entregue
832,390.0,9,2025-04-25,3,1521.77,cancelado
833,73.0,8,2026-03-18,10,2301.61,processando
834,49.0,3,2026-03-22,9,911.9,entregue
835,188.0,17,2024-01-21,6,2724.8,cancelado
836,280.0,2,2026-01-09,6,1646.85,enviado
837,14.0,21,2026-02-04,4,1266.46,enviado
838,166.0,10,2025-10-25,1,3328.8,cancelado
839,170.0,10,2024-12-08,4,3716.55,processando
840,231.0,19,2025-04-07,1,2419.97, PROCESSANDO 
841,184.0,17,2024-06-13,8,2262.57,entregue
842,19.0,15,2024-01-05,-4,3453.66,processando
843,384.0,20,2024-06-04,4,3639.06,entregue
844,223.0,4,2025-05-25,1,3493.93,entregue
845,374.0,17,2024-08-09,3,441.43,enviado
846,364.0,4,2024-05-31,6,1814.34,processando
847,321.0,9,2025-02-11,8,3565.68,enviado
848,280.0,17,2024-11-26,5,1533.11,entregue
849,10.0,8,2024-05-23,5,1183.38,entregue
850,129.0,17,2024-06-02,2,2646.24,entregue
851,120.0,13,2024-10-15,2,3219.32,processando
852,66.0,1,2025-04-10,7,3042.2,entregue
853,,6,2025-08-21,9,208.03, PROCESSANDO 
854,208.0,21,2026-03-16,7,707.03,processando
855,46.0,14,2025-05-16,2,3583.3,entregue
856,237.0,23,2024-07-03,2,1632.21,entregue
857,47.0,23,2024-03-17,-9,317.87,entregue
858,329.0,25,2025-02-12,2,189.99,entregue
859,314.0,24,2024-01-20,7,114.37,processando
860,331.0,2,2025-12-29,9,3413.62,entregue
861,22.0,4,2025-09-29,6,1934.36,entregue
862,285.0,1,2026-03-04,10,1289.07,entregue
863,362.0,30,2025-07-24,9,1934.93,cancelado
864,79.0,15,2024-05-20,6,133.07,processando
865,83.0,17,2025-05-19,2,1089.48,enviado
866,120.0,10,2025-03-17,9,3623.06,enviado
867,149.0,28,2024-06-15,6,2464.34,enviado
868,90.0,15,2025-11-21,1,3400.69,processando
869,271.0,12,2024-04-30,2,2408.11,entregue
870,208.0,12,2025-08-22,5,491.95,enviado
871,37.0,19,2025-10-10,6,2979.59,entregue
872,30.0,19,2024-02-28,3,1848.45,entregue
873,192.0,25,2024-06-22,8,270.48,entregue
874,17.0,25,2024-07-06,4,352.12,processando
875,117.0,15,2025-02-14,8,3154.96,entregue
876,295.0,5,2025-06-20,9,2325.81,entregue
877,235.0,10,2026-01-10,3,507.74,enviado
878,276.0,23,2025-01-13,3,246.0,entregue
879,97.0,27,2025-04-05,5,-617.49,cancelado
880,74.0,8,2025-09-15,7,2729.54,processando
881,251.0,15,2026-01-06,8,2632.73,enviado
882,281.0,19,2025-04-09,1,3328.01,cancelado
883,7.0,27,2025-11-29,4,304.02,cancelado
884,116.0,27,2024-12-24,3,997.01,enviado
885,136.0,15,2024-08-20,2,3622.48,cancelado
886,102.0,2,2024-02-05,9,1309.63,entregue
887,231.0,13,2024-09-14,4,3059.84,entregue
888,399.0,25,2024-04-12,10,3146.51,enviado
889,9.0,16,2025-06-19,10,2511.66,enviado
890,51.0,32,2025-11-08,4,-861.72,enviado
891,24.0,10,2025-11-25,3,580.88,cancelado
892,206.0,17,2024-08-27,7,526.99,entregue
893,83.0,2,2024-09-25,7,878.24, ENTREGUE 
894,84.0,19,2024-06-19,10,3311.85,entregue
895,45.0,23,2024-09-26,7,864.6,entregue
896,208.0,3,2026-01-25,3,3919.31,entregue
897,381.0,28,2024-12-04,3,3054.75,enviado
898,206.0,13,2024-10-23,9,3990.17,processando
899,260.0,7,2024-08-16,1,1692.34,cancelado
900,189.0,13,2024-09-01,9,2607.98,processando
901,320.0,21,2025-11-03,1,436.87,entregue
902,281.0,24,2026-02-12,2,3726.24,entregue
903,163.0,2,2024-01-08,10,2840.62,cancelado
904,394.0,19,2024-08-27,1,3277.85,cancelado
905,20.0,18,2024-04-24,8,3099.47,cancelado
906,30.0,8,2025-03-25,10,1246.41,processando
907,339.0,15,2025-11-28,1,3877.53,entregue
908,5.0,4,2025-12-28,3,2908.97,processando
909,393.0,8,2025-09-01,-5,839.34,cancelado
910,352.0,13,2024-12-28,1,1909.07,entregue
911,133.0,10,2024-11-07,4,3447.16,processando
912,291.0,25,2025-09-22,9,1408.4,processando
913,10.0,6,2024-04-26,10,2733.85,enviado
914,84.0,19,2025-11-13,7,694.39,processando
915,218.0,31,2025-07-01,3,2110.96,entregue
916,290.0,17,2026-02-08,5,1280.02,cancelado
917,307.0,30,2024-01-26,10,-76.54,entregue
918,5.0,15,2025-09-03,2,3417.2,entregue
919,384.0,4,2024-03-19,6,2934.0,processando
920,223.0,21,2024-12-19,6,1029.67,processando
921,365.0,25,2024-12-09,3,1980.74,processando
922,23.0,3,2024-08-30,3,313.7,entregue
923,,2,2025-05-24,10,348.53,processando
924,334.0,18,2026-01-24,4,3249.4,cancelado
925,47.0,3,2024-07-26,7,2256.37,processando
926,136.0,7,2024-10-16,7,2258.11,entregue
927,383.0,17,2025-06-26,3,593.17,enviado
928,173.0,26,2025-05-21,2,1881.6,cancelado
929,171.0,24,2024-02-17,2,3326.61,entregue
930,247.0,14,2026-01-24,4,1506.08,entregue
931,390.0,32,2024-01-28,10,1544.16,processando
932,203.0,9,2026-03-14,1,1728.52,processando
933,121.0,30,2024-01-09,6,3002.03,entregue
934,306.0,2,2024-03-14,6,2043.8,entregue
935,135.0,28,2024-10-19,9,3666.61,cancelado
936,172.0,15,2024-06-23,8,1459.12,entregue
937,34.0,11,2025-05-31,7,2890.32,entregue
938,200.0,9,2025-06-26,5,3925.79,enviado
939,117.0,11,2024-01-13,8,1133.73,entregue
940,355.0,12,2024-03-15,2,571.78,cancelado
941,370.0,28,2025-07-01,9,830.89,cancelado
942,47.0,26,2024-07-14,3,443.65,enviado
943,143.0,24,2024-04-10,1,3876.9,enviado
944,,29,2025-11-14,4,1020.17,entregue
945,376.0,26,2025-08-21,10,3243.78,cancelado
946,2.0,20,2025-11-06,2,2301.09,entregue
947,361.0,8,2025-12-26,8,2494.92,enviado
948,358.0,19,2024-06-11,6,757.61,enviado
949,349.0,9,2024-01-05,9,363.85,entregue
950,275.0,23,2026-02-05,9,1806.96,enviado
951,56.0,10,2026-02-15,1,743.81,processando
952,366.0,6,2024-11-27,5,1848.78,entregue
953,87.0,25,2025-07-22,5,510.25,entregue
954,269.0,2,2025-03-19,1,315.37,cancelado
955,239.0,17,2024-02-24,6,443.01,processando
956,271.0,3,2025-01-18,3,572.76,enviado
957,136.0,1,2025-10-19,8,1008.86,entregue
958,85.0,12,2026-01-29,2,3686.19,entregue
959,60.0,20,2025-01-25,10,3888.79,enviado
960,25.0,7,2024-06-22,1,1419.99,processando
961,313.0,22,2025-05-29,3,3823.3,entregue
962,288.0,24,2025-02-10,10,3916.09,enviado
963,328.0,2,2024-07-05,7,-2843.67,entregue
964,32.0,8,2024-06-01,5,1909.78,entregue
965,396.0,5,2025-10-23,8,1773.92,cancelado
966,374.0,16,2025-12-05,7,3134.54,processando
967,288.0,12,2026-01-01,9,3296.12,entregue
968,148.0,31,2025-12-28,10,2311.7,processando
969,300.0,10,2024-01-31,8,3112.72,entregue
970,52.0,32,2025-06-01,4,65.07,entregue
971,278.0,18,2024-12-12,4,1198.31,entregue
972,252.0,4,2024-08-09,1,1576.79,cancelado
973,26.0,20,2024-02-07,1,777.08,enviado
974,385.0,24,2024-01-03,2,889.23,entregue
975,177.0,20,2025-03-23,7,608.9,cancelado
976,4.0,16,2025-03-12,1,2634.11,cancelado
977,373.0,25,2025-12-21,2,3700.74,processando
978,62.0,23,2025-02-20,1,3834.6,entregue
979,282.0,21,2025-03-23,4,2152.77,entregue
980,9.0,9,2025-01-15,7,1876.81,processando
981,157.0,14,2024-04-02,2,-433.72,entregue
982,268.0,4,2025-09-22,5,2479.97,entregue
983,196.0,28,2024-07-21,7,3064.46,enviado
984,70.0,10,2024-03-08,7,1650.28,entregue
985,280.0,17,2025-10-25,5,309.25,cancelado
986,98.0,3,2025-09-18,3,3736.3, ENVIADO 
987,8.0,25,2025-01-11,2,3340.79,enviado
988,73.0,1,2025-01-20,8,3731.09,processando
989,207.0,3,2025-08-04,1,2564.3,cancelado
990,394.0,21,2025-08-15,6,2535.0,processando
991,325.0,27,2025-08-29,9,43.74,cancelado
992,3.0,21,2025-10-05,1,2134.21,entregue
993,240.0,13,2024-10-28,2,1582.65,entregue
994,355.0,17,2025-09-27,10,1534.16,enviado
995,10.0,22,2026-03-16,5,2978.26,entregue
996,2.0,29,2024-06-25,10,774.35,entregue
997,170.0,31,2025-07-21,2,3135.36,cancelado
998,193.0,21,2024-01-29,5,3653.19,processando
999,323.0,3,2026-01-07,5,887.18,entregue
1000,366.0,16,2025-05-25,3,1450.87,enviado
1001,341.0,1,2025-11-19,9,376.15,cancelado
1002,262.0,8,2025-07-26,5,1433.15,processando
1003,129.0,21,2024-04-04,7,3828.17,enviado
1004,175.0,24,2024-05-12,-4,2784.6,cancelado
1005,215.0,29,2025-01-10,7,2648.46,entregue
1006,10.0,6,2024-08-24,10,3116.06,cancelado
1007,360.0,11,2024-11-02,5,1224.82,entregue
1008,194.0,18,2024-06-13,7,2636.41,enviado
1009,4.0,9,2025-06-26,8,3181.92,entregue
1010,331.0,6,2025-06-09,2,542.54,entregue
1011,389.0,27,2024-07-09,1,3750.45,entregue
1012,257.0,16,2024-04-27,6,3282.76,cancelado
1013,21.0,22,2026-02-09,7,2538.17,cancelado
1014,352.0,6,2026-01-17,-7,2767.21,entregue
1015,73.0,10,2024-10-20,2,3755.07,processando
1016,367.0,22,2024-12-07,1,422.11,entregue
1017,127.0,22,2024-05-11,3,651.15,processando
1018,89.0,16,2024-11-01,2,1511.76,enviado
1019,28.0,6,2024-07-26,6,494.01,cancelado
1020,212.0,29,2024-12-05,6,1246.87,cancelado
1021,345.0,21,2024-10-24,5,3872.49,processando
1022,30.0,13,2026-03-03,2,1578.73,processando
1023,172.0,15,2024-02-14,9,3216.82,entregue
1024,39.0,32,2025-03-22,4,380.16,entregue
1025,215.0,20,2026-03-08,7,1465.59,entregue
1026,357.0,19,2024-02-27,9,2338.12,cancelado
1027,126.0,6,2024-02-01,9,504.53,entregue
1028,27.0,10,2025-09-01,10,1501.48,entregue
1029,207.0,16,2025-10-30,1,2736.02,entregue
1030,85.0,18,2026-02-21,9,2673.92,entregue
1031,81.0,30,2025-05-07,3,1013.09,processando
1032,266.0,2,2025-08-07,8,1569.44,processando
1033,221.0,11,2025-03-01,8,-3012.85,entregue
1034,220.0,4,2024-02-14,3,3724.52,processando
1035,272.0,20,2026-01-04,1,262.15,entregue
1036,296.0,14,2024-11-03,5,3966.34,processando
1037,375.0,17,2025-01-16,10,3888.97,enviado
1038,13.0,32,2025-11-25,10,3691.04,entregue
1039,78.0,2,2025-06-25,9,970.0,enviado
1040,268.0,26,2025-08-24,10,2192.58,entregue
1041,51.0,9,2025-12-29,3,193.02,enviado
1042,171.0,25,2025-01-11,1,3764.61,cancelado
1043,397.0,30,2024-04-11,3,3304.68,enviado
1044,55.0,7,2025-05-15,2,3074.0,entregue
1045,303.0,23,2025-09-25,8,3933.16, CANCELADO 
1046,231.0,20,2025-09-20,10,3297.51,cancelado
1047,243.0,18,2025-08-10,6,281.33,entregue
1048,292.0,15,2024-04-30,1,3030.83,entregue
1049,224.0,24,2025-11-30,3,2676.8,enviado
1050,174.0,3,2025-12-16,1,581.77,entregue
1051,333.0,17,2024-06-22,9,1301.04,entregue
1052,208.0,2,2024-11-18,2,2690.47,enviado
1053,52.0,10,2024-12-20,4,2619.25,entregue
1054,162.0,12,2025-03-31,5,1761.56,enviado
1055,226.0,24,2024-06-25,10,449.81,entregue
1056,189.0,14,2024-06-16,2,244.2,enviado
1057,80.0,2,2025-07-07,5,1064.43,processando
1058,386.0,14,2024-01-29,8,991.53,entregue
1059,399.0,23,2025-06-02,5,2928.22,entregue
1060,333.0,5,2024-11-14,9,1719.75,cancelado
1061,374.0,7,2024-05-17,10,2019.62,entregue
1062,332.0,7,2025-07-07,6,3110.13,entregue
1063,279.0,18,2025-03-02,1,2582.43,processando
1064,211.0,20,2024-05-02,8,3792.38,entregue
1065,58.0,24,2026-01-06,5,2244.28,entregue
1066,16.0,9,2025-10-01,-7,2099.15,entregue
1067,353.0,2,2024-12-11,8,974.23,cancelado
1068,279.0,4,2025-11-14,1,1588.13,entregue
1069,185.0,7,2024-06-29,8,2032.26,entregue
1070,237.0,11,2025-08-04,10,331.8,entregue
1071,250.0,14,2024-04-18,1,2925.85,entregue
1072,215.0,1,2024-05-19,7,2453.18,enviado
1073,347.0,19,2025-08-17,3,1164.69,entregue
1074,390.0,5,2024-09-10,10,545.39,processando
1075,0.0,27,2024-06-08,10,238.16,entregue
1076,170.0,5,2024-06-02,2,2689.31,entregue
1077,330.0,14,2025-03-21,10,2040.78,processando
1078,206.0,26,2026-03-12,5,936.94,processando
1079,318.0,18,2025-10-03,1,967.29,entregue
1080,39.0,31,2026-01-14,5,3294.17, CANCELADO 
1081,361.0,19,2024-10-06,1,3490.39,entregue
1082,269.0,22,2025-05-24,3,2765.72,enviado
1083,363.0,2,2025-04-23,4,170.91,cancelado
1084,85.0,30,2024-03-21,1,3316.04,entregue
1085,46.0,21,2026-01-03,2,2302.93,enviado
1086,68.0,7,2024-09-18,10,647.54,entregue
1087,281.0,24,2024-07-13,3,1883.49,entregue
1088,4.0,6,2026-03-01,2,2143.49,cancelado
1089,295.0,21,2025-10-06,3,1516.15,entregue
1090,13.0,12,2024-07-07,3,1638.51,entregue
1091,393.0,2,2024-08-22,10,32.74,entregue
1092,111.0,2,2025-02-14,1,3305.24,entregue
1093,228.0,14,2024-12-13,2,2029.66,entregue
1094,181.0,10,2026-03-26,1,433.63,entregue
1095,,26,2025-10-06,4,2234.06,cancelado
1096,188.0,8,2025-03-16,8,2161.22,entregue
1097,250.0,12,2024-01-20,7,1628.8,entregue
1098,87.0,25,2025-07-02,7,3490.71,entregue
1099,17.0,2,2026-04-08,2,2943.62,entregue
1100,108.0,17,2025-07-27,8,1840.69,enviado
1101,326.0,17,2026-04-19,7,844.88,entregue
1102,175.0,24,2025-09-21,8,2554.11,entregue
1103,310.0,12,2024-01-07,3,2539.61,entregue
1104,151.0,15,2025-10-16,1,2172.48,cancelado
1105,359.0,26,2024-02-23,8,3662.39,processando
1106,161.0,13,2024-09-25,1,3191.45,processando
1107,252.0,29,2024-08-22,10,488.82,enviado
1108,271.0,9,2024-04-08,6,547.0,processando
1109,134.0,28,2025-10-14,9,1459.31, ENTREGUE 
1110,62.0,21,2024-01-03,7,2979.42,entregue
1111,189.0,2,2025-04-16,6,1574.32,processando
1112,88.0,10,2024-05-03,9,3769.49,entregue
1113,271.0,20,2025-10-28,8,1561.88,cancelado
1114,35.0,32,2026-02-21,10,1302.1,entregue
1115,394.0,21,2024-01-01,10,2939.57,entregue
1116,347.0,30,2024-04-04,4,1064.87,processando
1117,254.0,10,2025-04-21,6,2017.97,entregue
1118,2.0,3,2026-01-19,7,3522.63,entregue
1119,285.0,23,2024-02-11,5,519.86,cancelado
1120,278.0,9,2025-04-05,6,2829.66,entregue
1121,24.0,12,2025-02-24,2,2623.51,cancelado
1122,356.0,3,2024-09-20,1,231.48,entregue
1123,237.0,30,2024-08-06,10,1603.31,entregue
1124,89.0,31,2026-02-01,7,945.31,entregue
1125,367.0,27,2024-06-12,5,3219.04,entregue
1126,7.0,13,2024-03-31,4,1075.85,cancelado
1127,370.0,6,2024-05-26,8,3864.75,entregue
1128,,6,2025-02-15,5,1544.68,entregue
1129,38.0,20,2024-06-22,2,3583.17,cancelado
1130,55.0,8,2024-06-04,4,1473.76,entregue
1131,30.0,11,2024-10-09,7,3849.42,cancelado
1132,85.0,12,2025-04-25,-10,150.41,entregue
1133,296.0,21,2024-01-31,5,997.73,entregue
1134,228.0,22,2026-04-26,7,2425.25,enviado
1135,312.0,27,2026-01-30,4,3365.06,processando
1136,360.0,21,2024-02-03,3,244.11,enviado
1137,117.0,16,2025-10-03,9,885.42,processando
1138,43.0,32,2025-02-08,9,210.16,entregue
1139,223.0,12,2025-10-01,5,1075.57,processando
1140,83.0,32,2024-08-29,3,907.11,cancelado
1141,126.0,18,2025-09-11,6,1431.32,enviado
1142,193.0,26,2026-01-24,6,1916.33,processando
1143,236.0,2,2024-10-31,7,2803.84,entregue
1144,328.0,1,2025-07-15,4,1191.82,entregue
1145,339.0,18,2026-01-05,4,2362.49,entregue
1146,168.0,18,2025-10-11,8,647.41,entregue
1147,217.0,31,2026-01-12,9,2655.07,entregue
1148,130.0,21,2025-03-11,3,15.69,cancelado
1149,197.0,31,2026-04-11,3,2821.87,entregue
1150,352.0,11,2024-05-16,8,1009.78,enviado
1151,38.0,9,2025-12-01,-4,3745.85,entregue
1152,34.0,12,2024-07-29,7,3749.04,entregue
1153,161.0,18,2024-12-13,10,3781.9,enviado
1154,261.0,21,2026-04-24,10,1657.6,processando
1155,270.0,28,2024-05-28,6,1648.34,enviado
1156,137.0,6,2025-07-09,3,1555.21,enviado
1157,79.0,12,2024-08-03,2,105.04,entregue
1158,31.0,24,2024-12-27,8,637.88,processando
1159,318.0,25,2025-05-09,1,1919.33, ENTREGUE 
1160,170.0,19,2025-01-03,6,227.77,entregue
1161,393.0,21,2025-08-19,6,1779.88,entregue
1162,226.0,29,2025-01-13,3,1488.64,entregue
1163,36.0,9,2024-09-17,9,3205.18,entregue
1164,112.0,23,2024-04-12,5,994.15,cancelado
1165,315.0,10,2026-03-05,8,437.15,entregue
1166,98.0,25,2024-12-10,4,3720.2,entregue
1167,166.0,23,2026-04-27,4,349.29,cancelado
1168,246.0,7,2024-09-26,7,3124.71,entregue
1169,277.0,24,2024-03-27,8,2918.9,enviado
1170,374.0,25,2025-12-23,8,1070.16,entregue
1171,197.0,4,2024-08-22,7,2883.81,entregue
1172,398.0,24,2024-05-18,7,551.4,enviado
1173,256.0,17,2025-09-30,9,3454.2,entregue
1174,388.0,29,2024-01-08,1,3173.08,cancelado
1175,177.0,1,2025-05-11,10,2398.4,entregue
1176,83.0,28,2024-02-24,1,358.96,cancelado
1177,259.0,9,2025-01-21,8,3448.36,entregue
1178,57.0,27,2024-10-04,2,229.11,entregue
1179,171.0,15,2026-02-17,10,2356.83,cancelado
1180,3.0,10,2024-10-08,8,3173.79,entregue
1181,357.0,28,2024-09-07,7,2143.48,entregue
1182,328.0,9,2024-11-29,10,1509.0,entregue
1183,142.0,2,2024-07-22,5,762.51,entregue
1184,184.0,12,2024-10-29,4,3914.25,entregue
1185,275.0,25,2025-03-12,1,2293.19,cancelado
1186,138.0,5,2024-06-02,7,3158.44,processando
1187,139.0,4,2026-01-30,7,2653.52,entregue
1188,305.0,26,2024-09-13,2,347.46,entregue
1189,148.0,4,2024-05-07,9,3489.24,enviado
1190,275.0,20,2026-01-01,2,900.96,entregue
1191,231.0,13,2024-05-16,1,3753.28,cancelado
1192,62.0,20,2024-04-11,2,3581.44,entregue
1193,367.0,11,2024-04-26,2,204.84,cancelado
1194,87.0,25,2024-04-03,1,3166.56,entregue
1195,357.0,9,2026-01-22,7,3616.45,processando
1196,221.0,10,2025-12-05,7,2200.53,enviado
1197,216.0,10,2024-10-19,10,2727.27,enviado
1198,182.0,32,2025-07-07,3,169.64,enviado
1199,125.0,6,2025-06-03,4,1918.3,enviado
1200,167.0,27,2026-03-27,6,1043.18,entregue
1201,271.0,19,2026-03-25,9,2061.66,cancelado
1202,354.0,9,2025-07-10,4,3945.58, ENTREGUE 
1203,295.0,10,2024-04-25,1,1254.62,processando
1204,154.0,20,2025-06-03,3,1626.93,enviado
1205,170.0,26,2024-08-30,2,2844.44,entregue
1206,143.0,1,2024-12-04,5,3108.59,enviado
1207,186.0,10,2025-01-20,1,2278.2,entregue
1208,280.0,2,2025-03-07,4,1241.21,cancelado
1209,336.0,3,2024-07-07,4,299.38,processando
1210,306.0,32,2025-01-14,10,1007.61,processando
1211,2.0,16,2025-08-14,3,1686.08,entregue
1212,358.0,3,2026-04-21,7,1028.35,entregue
1213,10.0,30,2024-06-13,4,146.07,entregue
1214,222.0,15,2025-09-28,1,289.59,entregue
1215,296.0,2,2024-05-03,6,3709.93,enviado
1216,218.0,20,2025-01-17,2,2572.9,entregue
1217,254.0,11,2024-10-07,4,3674.98,entregue
1218,258.0,26,2025-10-26,1,780.55,entregue
1219,183.0,6,2024-02-14,7,2679.68,processando
1220,199.0,14,2025-05-13,9,638.4,entregue
1221,101.0,16,2024-09-17,5,3621.48,entregue
1222,128.0,3,2025-08-09,9,898.16,enviado
1223,322.0,3,2024-05-23,4,2844.26,entregue
1224,89.0,6,2025-03-24,9,1724.82,entregue
1225,365.0,19,2024-09-02,6,2396.01,cancelado
1226,128.0,19,2024-08-30,4,586.06,entregue
1227,365.0,4,2025-02-28,7,344.52,entregue
1228,362.0,20,2026-03-17,9,2105.27,entregue
1229,248.0,31,2024-04-26,6,1078.7,entregue
1230,73.0,4,2025-05-13,4,3713.24,cancelado
1231,370.0,18,2024-12-15,8,3470.97,entregue
1232,93.0,16,2024-08-08,5,422.35,enviado
1233,259.0,15,2025-08-27,8,2001.92,entregue
1234,249.0,23,2026-01-17,5,1224.82,processando
1235,322.0,15,2025-10-29,2,1497.67,entregue
1236,60.0,26,2025-09-13,1,3668.85,entregue
1237,345.0,8,2024-03-10,1,2006.02,entregue
1238,169.0,17,2024-05-17,8,2300.73,entregue
1239,42.0,23,2024-01-22,4,1270.78,cancelado
1240,278.0,7,2026-01-08,7,847.74,entregue
1241,245.0,30,2024-05-22,3,89.45,processando
1242,353.0,7,2025-03-17,3,3135.31,entregue
1243,287.0,4,2026-02-03,8,3163.93,enviado
1244,303.0,3,2024-06-10,10,301.94,entregue
1245,315.0,9,2025-01-26,4,-3504.21,enviado
1246,246.0,15,2025-08-20,4,1136.36,enviado
1247,134.0,5,2025-03-28,2,1399.35,cancelado
1248,305.0,14,2025-12-01,8,1899.82,entregue
1249,277.0,22,2024-05-13,8,1698.87,entregue
1250,268.0,5,2024-03-12,2,484.1,entregue
1251,326.0,31,2024-06-28,8,3815.53,entregue
1252,121.0,27,2025-05-20,2,1289.19,entregue
1253,147.0,17,2025-07-05,1,1042.64,entregue
1254,150.0,16,2024-06-12,2,3644.74,entregue
1255,132.0,21,2024-04-19,3,1865.15,processando
1256,17.0,16,2025-03-12,4,3062.01,enviado
1257,326.0,7,2026-01-28,1,1790.85,enviado
1258,319.0,25,2024-01-14,3,2994.93,entregue
1259,104.0,20,2024-05-10,6,286.69,cancelado
1260,188.0,9,2025-10-24,5,3767.25,entregue
1261,50.0,24,2024-06-02,5,723.12,entregue
1262,101.0,30,2024-02-09,3,2636.44,cancelado
1263,31.0,1,2025-03-24,4,3069.97,cancelado
1264,259.0,1,2024-08-15,-10,3194.54,enviado
1265,251.0,27,2025-03-26,3,3067.73,cancelado
1266,350.0,3,2024-02-07,8,854.64,entregue
1267,353.0,6,2026-02-27,4,780.05,cancelado
1268,129.0,20,2025-06-09,1,2212.48,entregue
1269,367.0,10,2024-06-12,1,387.36,cancelado
1270,220.0,11,2025-10-17,4,444.55,entregue
1271,27.0,4,2024-08-22,1,1055.46,entregue
1272,286.0,32,2024-01-03,5,1202.4,enviado
1273,227.0,1,2024-02-15,5,1066.21,entregue
1274,39.0,24,2026-02-04,3,1609.71,entregue
1275,219.0,10,2026-04-02,3,2366.44,cancelado
1276,246.0,28,2026-04-21,2,3547.86,enviado
1277,164.0,24,2025-12-15,8,1497.81,processando
1278,147.0,20,2026-03-19,7,329.66,cancelado
1279,344.0,3,2026-02-03,9,1093.9,processando
1280,144.0,18,2024-06-16,10,3343.54,cancelado
1281,303.0,19,2025-11-16,6,3359.1,entregue
1282,197.0,7,2025-09-12,3,1996.81,enviado
1283,150.0,32,2024-08-01,8,354.25,entregue
1284,56.0,4,2025-03-22,9,1281.38, ENTREGUE 
1285,93.0,18,2025-10-07,9,74.02,cancelado
1286,212.0,11,2025-02-16,2,946.02,processando
1287,142.0,24,2025-04-02,9,3904.07,entregue
1288,83.0,26,2026-01-19,10,2721.42,enviado
1289,297.0,29,2024-02-16,10,1187.56,entregue
1290,213.0,17,2025-07-05,3,2307.59,processando
1291,200.0,29,2024-01-21,5,2473.85,entregue
1292,291.0,25,2024-09-17,6,2079.43,processando
1293,79.0,3,2026-01-29,3,1610.02,entregue
1294,280.0,10,2024-10-28,3,1539.38,entregue
1295,283.0,20,2025-05-01,7,142.65,cancelado
1296,146.0,10,2025-06-27,8,2349.26,cancelado
1297,394.0,10,2026-04-18,9,3504.36,processando
1298,184.0,21,2026-01-29,6,1059.19,processando
1299,337.0,14,2024-05-21,1,2116.25,entregue
1300,162.0,15,2025-06-11,4,691.9,entregue
1301,345.0,28,2026-01-19,9,3309.09,entregue
1302,136.0,27,2024-04-09,6,522.29,processando
1303,75.0,11,2024-01-13,2,3970.3,entregue
1304,227.0,10,2025-12-27,6,990.97,entregue
1305,243.0,19,2025-10-30,3,1977.84,entregue
1306,335.0,4,2025-04-15,8,1168.6,entregue
1307,391.0,16,2025-02-19,-2,2017.77,cancelado
1308,315.0,5,2024-04-14,4,451.99,cancelado
1309,310.0,28,2024-11-08,1,3626.71,entregue
1310,301.0,24,2025-06-30,9,2420.64,enviado
1311,63.0,31,2026-04-14,10,1164.94,processando
1312,224.0,18,2024-02-12,5,1460.54,processando
1313,362.0,24,2024-11-28,1,1888.06,enviado
1314,204.0,6,2025-05-08,2,837.3,entregue
1315,252.0,14,2025-05-23,5,2465.28,cancelado
1316,256.0,26,2024-01-15,4,3864.68,enviado
1317,173.0,32,2024-09-12,8,3449.4,entregue
1318,324.0,20,2025-05-09,10,1856.85,entregue
1319,300.0,14,2024-11-14,7,2753.58,enviado
1320,70.0,28,2026-04-21,4,2049.05,entregue
1321,233.0,3,2024-04-09,3,-707.2,enviado
1322,332.0,4,2025-07-18,6,420.79,entregue
1323,28.0,26,2025-11-28,4,249.93,cancelado
1324,332.0,26,2024-05-09,5,3266.72,entregue
1325,41.0,21,2024-07-25,5,1802.05,entregue
1326,180.0,32,2025-04-05,10,3255.55,cancelado
1327,113.0,11,2024-06-29,2,3745.32,entregue
1328,206.0,2,2026-02-26,6,2343.28,processando
1329,6.0,10,2025-12-20,6,2772.23,processando
1330,70.0,23,2024-11-27,9,3208.12,entregue
1331,244.0,24,2025-04-20,7,3351.52,cancelado
1332,98.0,17,2025-04-14,9,3295.07,enviado
1333,287.0,13,2024-10-12,9,3633.43,entregue
1334,72.0,6,2025-05-11,9,1836.32,enviado
1335,293.0,7,2024-03-15,4,264.22,enviado
1336,63.0,14,2024-03-28,8,1767.91,enviado
1337,9.0,26,2026-01-04,5,2417.36,processando
1338,228.0,31,2024-12-06,5,839.91,entregue
1339,234.0,18,2024-11-24,8,2991.95,entregue
1340,170.0,12,2024-09-05,9,1987.47,enviado
1341,219.0,13,2024-11-30,4,3063.98,cancelado
1342,148.0,17,2024-06-28,3,764.02,processando
1343,142.0,4,2024-04-15,4,2888.51,entregue
1344,333.0,7,2024-12-26,4,963.06,entregue
1345,265.0,9,2024-08-03,9,2810.96,enviado
1346,276.0,30,2025-05-04,10,2483.31,cancelado
1347,288.0,6,2024-02-03,8,351.56,processando
1348,241.0,3,2024-11-24,4,668.62,entregue
1349,341.0,21,2024-09-23,5,2972.62,entregue
1350,333.0,8,2024-08-17,10,3081.45,entregue
1351,20.0,11,2024-09-23,1,3700.6,processando
1352,300.0,19,2025-05-29,2,1922.52,entregue
1353,157.0,11,2024-11-25,7,1419.98,entregue
1354,2.0,18,2024-01-10,8,1955.58,entregue
1355,259.0,7,2025-11-20,3,1392.99,cancelado
1356,268.0,15,2025-06-09,5,2729.48,cancelado
1357,131.0,25,2025-07-16,5,243.53,entregue
1358,390.0,26,2025-07-28,1,3466.75,processando
1359,203.0,10,2024-03-10,3,2692.48,entregue
1360,205.0,14,2026-03-11,-2,3127.99,entregue
1361,49.0,5,2024-10-11,5,89.56,entregue
1362,228.0,24,2024-11-17,2,3336.64,entregue
1363,70.0,2,2024-04-23,1,2571.04,cancelado
1364,85.0,13,2026-04-03,4,328.88,entregue
1365,272.0,19,2026-03-24,5,1646.74,entregue
1366,369.0,5,2024-10-27,3,-3866.55,cancelado
1367,80.0,18,2026-04-28,1,3940.74,processando
1368,98.0,13,2024-07-14,4,3178.1,enviado
1369,263.0,21,2024-04-09,3,2216.83, PROCESSANDO 
1370,79.0,11,2025-12-16,1,2128.28,entregue
1371,36.0,8,2024-03-15,7,3351.7,entregue
1372,346.0,5,2026-02-21,1,1034.29,enviado
1373,168.0,30,2025-03-21,10,3769.96, ENTREGUE 
1374,187.0,29,2025-09-05,9,455.36,entregue
1375,64.0,26,2024-05-23,1,2045.52,cancelado
1376,2.0,17,2025-12-02,4,87.34,entregue
1377,32.0,4,2026-01-27,5,2824.43,enviado
1378,284.0,12,2025-10-12,6,637.43,entregue
1379,165.0,28,2024-11-21,1,3465.24,entregue
1380,241.0,30,2024-01-19,2,635.83,entregue
1381,41.0,13,2025-10-09,10,3254.21,entregue
1382,87.0,26,2025-08-06,6,363.04,entregue
1383,66.0,4,2024-03-29,3,23.05,entregue
1384,68.0,7,2025-09-19,1,1294.87,entregue
1385,393.0,12,2024-03-19,8,27.57,cancelado
1386,163.0,22,2025-02-21,4,2834.89,entregue
1387,206.0,1,2024-07-29,1,1493.6,cancelado
1388,353.0,3,2024-01-28,10,1009.29,entregue
1389,47.0,19,2024-07-12,4,3791.64,enviado
1390,392.0,19,2024-09-22,5,3898.92,entregue
1391,289.0,20,2025-10-14,5,1387.81,cancelado
1392,119.0,31,2024-07-04,5,3411.32,cancelado
1393,322.0,18,2025-06-03,7,1875.21,entregue
1394,81.0,3,2024-01-06,9,3848.0,entregue
1395,242.0,3,2025-05-17,2,1945.85,enviado
1396,391.0,29,2025-05-08,7,3609.8,entregue
1397,191.0,3,2025-05-20,6,86.78,processando
1398,45.0,3,2025-07-20,1,386.68,enviado
1399,214.0,3,2024-01-19,8,3980.1,entregue
1400,46.0,1,2024-08-30,5,1742.9,entregue
1401,340.0,32,2024-01-21,1,208.4,enviado
1402,168.0,2,2026-01-18,10,3745.97,cancelado
1403,204.0,18,2024-07-08,9,3101.87,enviado
1404,87.0,15,2024-02-16,4,178.16,entregue
1405,170.0,24,2025-10-03,-5,3773.06,entregue
1406,225.0,26,2025-03-22,1,3985.92,processando
1407,204.0,19,2026-04-23,3,80.39,cancelado
1408,306.0,4,2024-12-22,9,1362.33, CANCELADO 
1409,241.0,19,2025-07-28,7,3690.38,entregue
1410,321.0,8,2024-08-25,-7,1360.3,entregue
1411,377.0,6,2025-05-23,10,1613.0,cancelado
1412,212.0,15,2024-01-17,9,3415.62,cancelado
1413,219.0,20,2025-08-14,3,775.06,enviado
1414,150.0,2,2024-08-23,2,3264.72,entregue
1415,196.0,17,2025-07-15,-1,816.78,entregue
1416,192.0,12,2024-12-08,10,2494.27,cancelado
1417,57.0,8,2024-11-23,4,837.15,entregue
1418,237.0,16,2025-08-07,6,2398.19,entregue
1419,174.0,20,2025-03-10,1,2828.72,entregue
1420,278.0,10,2024-05-09,7,1792.02, CANCELADO 
1421,268.0,6,2025-04-29,9,975.09,processando
1422,194.0,26,2024-11-04,10,3555.23,entregue
1423,,12,2025-09-30,9,3450.77,enviado
1424,360.0,9,2026-01-04,4,1261.89,cancelado
1425,334.0,12,2025-10-14,4,1329.86,cancelado
1426,24.0,9,2025-04-30,6,2573.82, CANCELADO 
1427,33.0,31,2024-04-06,1,2836.57,entregue
1428,259.0,17,2025-03-30,9,545.64,entregue
1429,294.0,11,2024-03-16,6,2728.44,enviado
1430,223.0,7,2024-03-22,1,101.15,entregue
1431,320.0,29,2024-07-16,9,2304.56,cancelado
1432,362.0,4,2024-05-11,9,3362.67,cancelado
1433,145.0,3,2024-10-03,2,3138.69,processando
1434,148.0,18,2024-02-15,7,798.22,entregue
1435,263.0,17,2025-10-05,1,1305.05,entregue
1436,54.0,27,2024-05-29,5,66.85,entregue
1437,253.0,22,2024-04-23,9,1633.33,cancelado
1438,196.0,25,2025-10-30,2,1653.7,entregue
1439,316.0,19,2024-02-02,9,1254.58,entregue
1440,382.0,28,2025-05-07,4,3081.31,entregue
1441,372.0,21,2024-12-09,6,1300.33,entregue
1442,328.0,1,2024-02-06,6,3821.61,enviado
1443,2.0,7,2026-01-19,9,2927.7,cancelado
1444,262.0,26,2024-01-24,8,2630.34,entregue
1445,117.0,12,2025-05-29,8,3944.13,entregue
1446,42.0,11,2024-02-19,10,2707.46,processando
1447,292.0,23,2024-06-21,3,486.28,enviado
1448,,7,2024-07-30,4,277.31,entregue
1449,363.0,5,2025-06-07,4,858.08,processando
1450,7.0,4,2026-02-23,-3,949.41,entregue
1451,368.0,18,2026-04-16,7,1352.82,enviado
1452,231.0,13,2026-03-05,10,3007.4,entregue
1453,129.0,6,2024-03-23,8,3761.92,entregue
1454,78.0,16,2026-03-23,10,1552.87,processando
1455,217.0,1,2024-06-19,8,858.11,cancelado
1456,170.0,21,2025-05-22,9,1853.85,enviado
1457,40.0,14,2025-12-05,4,964.95,entregue
1458,323.0,2,2025-10-01,8,2938.56,enviado
1459,321.0,5,2024-01-18,5,1256.87,entregue
1460,91.0,13,2026-02-22,2,2620.88,cancelado
1461,57.0,21,2025-10-09,8,977.88,entregue
1462,42.0,20,2024-01-04,9,1990.29,entregue
1463,258.0,29,2025-07-21,7,3549.43,processando
1464,264.0,31,2025-04-25,8,2332.17,processando
1465,25.0,6,2026-04-03,5,553.06,cancelado
1466,223.0,7,2024-02-03,1,483.79,entregue
1467,150.0,2,2026-01-24,8,2435.73,enviado
1468,262.0,21,2026-03-24,7,64.46,entregue
1469,307.0,30,2024-04-23,10,132.47,entregue
1470,31.0,10,2024-12-20,2,3740.19,entregue
1471,101.0,21,2025-01-07,3,1197.16,processando
1472,110.0,19,2025-09-26,9,2340.9,processando
1473,,1,2024-06-21,5,862.18,enviado
1474,295.0,28,2024-08-17,4,3705.53,enviado
1475,117.0,28,2025-09-10,2,3423.31,entregue
1476,277.0,18,2025-10-20,10,3450.98,entregue
1477,116.0,2,2026-02-03,2,3873.51, ENTREGUE 
1478,331.0,31,2026-04-20,3,1357.78,entregue
1479,35.0,9,2024-08-07,3,3370.07,entregue
1480,367.0,23,2025-03-23,10,1217.22,enviado
1481,,16,2025-09-24,3,1476.1,entregue
1482,28.0,31,2026-02-08,10,2670.72,cancelado
1483,267.0,31,2025-11-26,8,914.91,processando
1484,68.0,4,2024-12-29,9,3095.8,cancelado
1485,318.0,16,2025-01-21,1,3930.03,cancelado
1486,390.0,28,2025-06-19,8,1635.01,enviado
1487,327.0,18,2024-02-18,6,2495.82,entregue
1488,159.0,26,2024-11-28,9,1555.4,entregue
1489,282.0,23,2024-11-16,9,1739.74,cancelado
1490,128.0,24,2025-09-20,10,3551.1,entregue
1491,242.0,7,2025-01-06,6,2773.56,entregue
1492,334.0,15,2026-03-29,-5,2157.9,entregue
1493,165.0,20,2025-01-29,6,2283.02,enviado
1494,256.0,32,2024-11-10,1,166.41,cancelado
1495,159.0,10,2026-02-15,3,3708.84,enviado
1496,140.0,20,2024-09-25,6,2260.32,entregue
1497,29.0,5,2026-02-10,1,3621.46,processando
1498,166.0,23,2024-08-27,10,365.41,processando
1499,380.0,22,2024-05-04,2,3345.55,entregue
1500,349.0,16,2024-04-24,1,2935.21,processando
1501,50.0,12,2025-07-26,2,3554.55, ENTREGUE 
1502,44.0,18,2024-11-01,6,403.21,enviado
1503,281.0,6,2024-12-11,9,2761.21,cancelado
1504,215.0,32,2024-10-10,8,3425.91,entregue
1505,182.0,30,2024-05-20,5,2309.82,entregue
1506,98.0,4,2025-04-01,7,1429.74,entregue
1507,160.0,17,2026-02-17,1,630.35,entregue
1508,266.0,3,2025-04-30,10,1240.22,enviado
1509,99.0,14,2024-10-23,5,3385.11,entregue
1510,215.0,28,2025-04-11,4,441.28,entregue
1511,54.0,6,2026-04-10,3,1971.38,entregue
1512,77.0,15,2026-02-08,8,817.64,entregue
1513,229.0,19,2025-07-09,9,1280.06,enviado
1514,302.0,4,2025-03-23,9,1423.2,entregue
1515,99.0,8,2025-06-02,9,2199.99,entregue
1516,137.0,18,2024-07-14,10,3897.57,entregue
1517,209.0,23,2025-06-27,-5,3378.49,cancelado
1518,182.0,20,2025-08-23,10,3293.97,enviado
1519,300.0,14,2024-05-24,4,2996.16,entregue
1520,270.0,12,2025-03-16,10,2625.98,processando
1521,243.0,19,2025-07-01,3,531.52,processando
1522,228.0,16,2024-10-13,10,2577.11,processando
1523,280.0,13,2025-10-26,3,1247.96,entregue
1524,306.0,28,2026-04-23,5,2866.93,entregue
1525,289.0,29,2024-02-04,-4,2485.48,entregue
1526,294.0,14,2026-04-23,8,1988.18,entregue
1527,33.0,16,2024-09-04,3,1382.9,cancelado
1528,193.0,27,2024-01-08,5,3613.78,entregue
1529,383.0,23,2026-03-21,8,3245.08,entregue
1530,72.0,8,2025-08-01,10,3490.05,entregue
1531,117.0,6,2025-01-03,-10,2582.94,entregue
1532,35.0,2,2025-07-09,8,1326.96,processando
1533,4.0,18,2024-12-07,7,2986.64,entregue
1534,115.0,24,2024-10-05,2,1296.46,entregue
1535,294.0,4,2025-07-09,6,3216.57,processando
1536,51.0,13,2025-03-14,3,2141.36,entregue
1537,196.0,29,2026-01-31,10,1042.86,entregue
1538,54.0,2,2024-04-06,-8,1419.6,cancelado
1539,184.0,22,2024-10-05,7,2795.61,entregue
1540,26.0,20,2025-06-26,6,3352.01,entregue
1541,15.0,18,2024-01-28,8,369.55,enviado
1542,133.0,12,2024-01-05,-2,2283.23,processando
1543,249.0,23,2024-10-14,7,831.19,entregue
1544,206.0,14,2024-05-10,8,3251.36,entregue
1545,148.0,28,2025-11-03,3,3408.06,enviado
1546,55.0,31,2025-11-26,5,3449.03,cancelado
1547,1.0,30,2024-09-27,8,3453.71,enviado
1548,248.0,10,2025-09-18,10,2821.2,processando
1549,51.0,11,2024-02-18,3,3722.73,processando
1550,216.0,6,2024-03-12,10,2861.97,processando
1551,166.0,23,2024-02-24,6,3070.34,processando
1552,181.0,12,2024-12-14,9,953.51,entregue
1553,88.0,27,2025-05-11,9,751.02,processando
1554,210.0,19,2026-03-07,3,2328.19,entregue
1555,352.0,8,2024-06-04,9,34.94,entregue
1556,395.0,1,2024-11-08,3,757.57,cancelado
1557,164.0,14,2025-03-29,3,40.29,enviado
1558,318.0,16,2025-11-21,1,1262.28,cancelado
1559,370.0,13,2026-03-17,3,3276.23,cancelado
1560,127.0,28,2025-12-16,9,28.2,enviado
1561,311.0,24,2025-02-14,3,1903.7,processando
1562,214.0,28,2024-10-31,9,712.5,entregue
1563,197.0,6,2024-04-12,7,3219.75,enviado
1564,71.0,12,2025-06-08,3,57.0,processando
1565,147.0,13,2024-02-04,8,1017.95,enviado
1566,377.0,8,2025-09-29,4,2732.81,cancelado
1567,175.0,3,2024-11-15,2,3133.43,entregue
1568,394.0,18,2025-05-03,1,1897.53,entregue
1569,335.0,1,2025-07-01,7,3728.54,processando
1570,206.0,26,2025-08-19,1,3198.97,cancelado
1571,291.0,12,2024-06-27,8,2554.31,entregue
1572,18.0,2,2024-05-12,6,2005.52,processando
1573,320.0,17,2025-01-16,4,854.93,processando
1574,294.0,12,2025-03-17,8,1031.09,entregue
1575,353.0,10,2025-02-26,6,1602.65,processando
1576,91.0,9,2025-03-20,2,3217.91,processando
1577,283.0,4,2024-06-30,3,3168.33,entregue
1578,203.0,14,2024-07-27,3,2882.14,cancelado
1579,298.0,6,2024-11-20,8,2064.1,processando
1580,,10,2025-10-14,7,131.87,processando
1581,176.0,4,2024-04-30,6,3073.7,cancelado
1582,218.0,7,2024-10-22,-2,3221.72,entregue
1583,70.0,3,2024-04-17,5,1677.62,entregue
1584,7.0,8,2025-10-05,10,2711.73,entregue
1585,55.0,19,2024-10-07,5,3271.46, PROCESSANDO 
1586,352.0,5,2024-02-29,7,3718.15,enviado
1587,364.0,8,2024-04-24,9,3565.11,processando
1588,20.0,26,2025-07-23,6,1045.4,cancelado
1589,141.0,17,2026-03-31,7,1175.58,entregue
1590,27.0,10,2026-03-23,3,-128.23,processando
1591,2.0,23,2024-07-22,10,3305.77,entregue
1592,340.0,3,2025-03-10,7,2552.21,cancelado
1593,130.0,29,2026-02-11,9,1861.16,cancelado
1594,25.0,28,2024-10-05,5,1280.28,entregue
1595,393.0,13,2024-07-05,2,3647.68,entregue
1596,169.0,11,2024-06-20,9,1648.89,cancelado
1597,331.0,27,2025-02-16,-8,1352.43,entregue
1598,150.0,29,2026-04-09,6,2302.35,entregue
1599,34.0,22,2024-09-29,4,2535.35,cancelado
1600,244.0,27,2024-01-25,1,590.15,entregue
1601,72.0,4,2025-11-18,9,3278.0,entregue
1602,274.0,29,2025-05-18,5,2435.15,entregue
1603,366.0,19,2024-09-11,7,2864.47,cancelado
1604,295.0,19,2024-10-02,9,1213.1,entregue
1605,275.0,21,2025-04-19,6,1628.15,enviado
1606,210.0,6,2025-01-08,2,664.62,processando
1607,325.0,15,2025-03-20,7,2577.79,entregue
1608,383.0,14,2025-07-28,2,2456.38, ENVIADO 
1609,64.0,11,2025-06-22,3,-1878.31,entregue
1610,373.0,10,2025-12-19,9,512.73,entregue
1611,232.0,32,2025-05-01,1,3895.55,processando
1612,330.0,23,2025-01-01,10,42.2,entregue
1613,294.0,19,2024-08-09,8,652.69,processando
1614,212.0,4,2025-08-07,1,317.92,entregue
1615,286.0,5,2025-07-31,1,827.19,entregue
1616,270.0,26,2024-01-26,1,1317.17,processando
1617,261.0,4,2024-08-04,9,293.99,entregue
1618,219.0,10,2026-03-14,8,311.81,entregue
1619,113.0,18,2026-03-03,1,2378.28,entregue
1620,370.0,12,2026-02-11,1,3973.24,entregue
1621,397.0,1,2025-02-18,4,3772.22,processando
1622,367.0,19,2024-04-22,4,3006.18,processando
1623,220.0,2,2025-05-06,-5,1599.18,entregue
1624,87.0,27,2024-12-20,7,2530.82,entregue
1625,229.0,9,2025-09-02,7,1051.54,enviado
1626,40.0,31,2026-02-27,4,1286.21,entregue
1627,102.0,21,2026-01-11,2,2470.1,processando
1628,,17,2025-11-22,10,3618.51,enviado
1629,156.0,24,2025-10-18,5,-726.83,enviado
1630,307.0,22,2025-03-19,10,2274.19,entregue
1631,106.0,26,2025-06-23,10,3703.19,entregue
1632,19.0,7,2025-05-28,10,1666.61,entregue
1633,214.0,6,2025-02-15,2,3364.68,entregue
1634,27.0,25,2025-08-20,4,768.04,cancelado
1635,122.0,30,2024-08-21,10,2684.26,entregue
1636,381.0,4,2024-08-20,7,2723.38,entregue
1637,390.0,5,2025-02-01,6,1882.71,entregue
1638,229.0,9,2024-02-05,9,24.52,cancelado
1639,28.0,11,2026-04-03,6,3511.32,enviado
1640,156.0,24,2025-09-04,4,2046.07,cancelado
1641,314.0,1,2024-04-12,-9,1636.93,cancelado
1642,305.0,14,2024-06-20,7,3991.9,processando
1643,265.0,13,2024-11-19,5,2755.69,processando
1644,303.0,23,2024-04-09,9,640.53,entregue
1645,383.0,12,2025-01-09,2,2112.09,processando
1646,50.0,22,2025-02-05,6,2670.1,entregue
1647,3.0,22,2024-04-19,7,1961.38,cancelado
1648,376.0,27,2025-04-18,8,2983.98,entregue
1649,156.0,7,2024-09-22,5,295.89,enviado
1650,3.0,13,2024-09-29,2,2632.1,entregue
1651,24.0,30,2024-07-31,2,272.0,entregue
1652,366.0,14,2025-10-16,7,397.24,cancelado
1653,76.0,15,2026-02-01,8,624.0,enviado
1654,358.0,8,2024-10-02,9,239.02,cancelado
1655,116.0,10,2024-11-22,9,2854.94,entregue
1656,170.0,6,2025-01-02,1,2199.29,entregue
1657,292.0,10,2025-12-08,7,3017.76,entregue
1658,292.0,16,2024-04-30,7,1799.87,entregue
1659,27.0,12,2025-10-09,5,1959.16,entregue
1660,8.0,1,2024-07-19,7,905.82,enviado
1661,339.0,5,2024-02-26,7,3275.23,entregue
1662,175.0,30,2025-11-20,1,109.02,enviado
1663,266.0,21,2024-01-17,5,677.08,entregue
1664,17.0,19,2025-06-17,4,1069.1,entregue
1665,176.0,24,2025-09-17,6,2104.1,processando
1666,51.0,32,2024-04-06,4,153.6,cancelado
1667,253.0,18,2025-01-09,10,2735.04,cancelado
1668,340.0,18,2026-02-20,5,2133.3,entregue
1669,11.0,20,2025-08-03,7,739.32,cancelado
1670,204.0,24,2026-01-04,5,253.69,cancelado
1671,278.0,1,2025-01-07,10,903.98,entregue
1672,230.0,9,2025-05-13,10,1717.71,entregue
1673,111.0,5,2024-07-06,1,3867.3,entregue
1674,195.0,6,2025-10-31,3,3070.2,processando
1675,80.0,9,2026-03-22,8,908.57,processando
1676,381.0,27,2024-01-11,10,1707.76,enviado
1677,116.0,19,2025-02-21,10,1315.34,enviado
1678,255.0,12,2026-03-17,1,2609.45,enviado
1679,121.0,4,2024-05-16,7,1299.76,entregue
1680,84.0,28,2024-09-21,1,2870.41,enviado
1681,154.0,13,2025-01-14,2,553.97,cancelado
1682,335.0,10,2025-06-21,10,2585.94,enviado
1683,99.0,1,2026-04-02,7,-3800.3,processando
1684,371.0,5,2024-03-26,9,1033.33,enviado
1685,13.0,26,2026-02-06,6,3498.4,entregue
1686,141.0,6,2024-04-11,9,636.73,entregue
1687,51.0,22,2025-10-29,5,2107.76,entregue
1688,71.0,30,2024-12-19,8,2852.3,entregue
1689,224.0,24,2024-10-03,10,355.81,processando
1690,244.0,27,2024-03-16,6,3919.3,entregue
1691,85.0,21,2026-02-27,7,159.54,entregue
1692,233.0,5,2025-09-01,3,2550.51,entregue
1693,127.0,7,2024-09-29,5,3770.69,entregue
1694,110.0,24,2026-01-25,8,3520.94,entregue
1695,238.0,21,2025-01-06,1,3664.57,cancelado
1696,56.0,15,2025-01-06,-8,1756.0,cancelado
1697,54.0,8,2024-03-09,7,734.59,entregue
1698,78.0,11,2025-05-13,9,2634.06,processando
1699,144.0,27,2024-10-25,5,29.43,enviado
1700,281.0,9,2025-07-31,8,660.58,enviado
1701,13.0,31,2024-06-25,8,3118.87,entregue
1702,189.0,21,2025-05-22,7,1234.27,processando
1703,34.0,29,2024-09-28,3,2337.19,entregue
1704,8.0,22,2025-03-12,5,927.09,cancelado
1705,114.0,15,2025-02-02,1,2604.18,entregue
1706,150.0,22,2025-09-19,3,2548.9,processando
1707,361.0,5,2025-04-28,10,156.87,entregue
1708,104.0,17,2025-08-31,1,3236.23,entregue
1709,217.0,25,2025-06-30,1,885.09,entregue
1710,43.0,21,2025-12-10,9,3202.45,processando
1711,155.0,22,2025-05-31,7,3811.75,cancelado
1712,54.0,28,2025-01-02,3,1939.31,entregue
1713,389.0,10,2025-01-20,2,1849.07,cancelado
1714,293.0,27,2025-02-21,5,2193.73,enviado
1715,44.0,18,2024-04-08,8,3844.21,enviado
1716,155.0,16,2025-12-16,8,2606.9,cancelado
1717,228.0,31,2024-09-03,1,2461.34,cancelado
1718,72.0,17,2024-06-05,4,3622.38,cancelado
1719,318.0,8,2025-06-21,3,2114.75,cancelado
1720,101.0,12,2025-12-10,-6,3364.23,enviado
1721,297.0,29,2024-01-10,3,780.14,enviado
1722,142.0,12,2024-04-19,7,1506.29,processando
1723,344.0,7,2025-08-19,10,-1032.16,enviado
1724,160.0,10,2025-11-02,2,1919.25, ENTREGUE 
1725,371.0,1,2024-10-18,2,2281.83,cancelado
1726,260.0,1,2025-03-03,8,3567.74,processando
1727,218.0,15,2024-12-01,6,1068.36,processando
1728,1.0,2,2025-08-05,5,993.67,enviado
1729,176.0,16,2026-01-16,10,1236.03,enviado
1730,185.0,20,2024-07-25,2,3180.7,enviado
1731,391.0,19,2025-02-15,2,2846.63,entregue
1732,340.0,1,2025-01-12,8,2406.86,entregue
1733,355.0,28,2024-08-27,10,718.28,cancelado
1734,7.0,21,2025-12-14,4,2293.85,entregue
1735,170.0,22,2026-04-15,4,3648.74,processando
1736,285.0,11,2026-01-18,-6,3075.81,processando
1737,306.0,31,2024-12-08,7,340.63,entregue
1738,117.0,10,2025-01-24,4,1187.94,entregue
1739,56.0,26,2024-09-05,8,2164.13,processando
1740,126.0,20,2025-07-14,3,111.73,entregue
1741,262.0,14,2025-07-06,10,1883.83,entregue
1742,278.0,28,2024-02-02,10,366.6,processando
1743,114.0,6,2024-09-13,4,2667.62,processando
1744,347.0,7,2025-02-04,9,621.76,cancelado
1745,35.0,11,2026-04-06,8,3642.0,cancelado
1746,250.0,1,2024-07-22,8,3125.21,entregue
1747,209.0,7,2025-03-13,3,1763.22,enviado
1748,12.0,4,2024-12-23,10,1282.12,entregue
1749,196.0,21,2024-08-05,6,1011.96,cancelado
1750,237.0,3,2024-05-19,5,3643.51,entregue
1751,31.0,4,2024-09-09,2,723.29,entregue
1752,272.0,23,2025-04-28,7,3894.88,entregue
1753,379.0,29,2024-02-08,9,987.43,enviado
1754,217.0,26,2026-02-10,5,2384.15,cancelado
1755,393.0,29,2024-06-09,3,1188.32,enviado
1756,122.0,14,2024-11-21,8,471.1,entregue
1757,24.0,15,2024-06-09,8,1167.22,cancelado
1758,202.0,30,2025-09-08,9,1895.93,entregue
1759,397.0,3,2025-03-04,10,469.61,enviado
1760,391.0,27,2024-12-10,9,1621.11,entregue
1761,81.0,21,2024-02-02,5,2202.12,entregue
1762,297.0,9,2025-06-09,10,671.98,processando
1763,392.0,23,2025-11-12,2,3230.09,entregue
1764,203.0,5,2025-07-17,1,1620.76,entregue
1765,155.0,9,2025-04-26,6,708.98,entregue
1766,188.0,19,2025-03-01,7,2086.67,entregue
1767,306.0,22,2024-11-24,5,2527.82,entregue
1768,118.0,19,2025-12-14,5,-2919.64,entregue
1769,53.0,27,2024-07-29,9,3148.72,processando
1770,98.0,24,2026-02-24,-8,3391.51,processando
1771,227.0,15,2025-02-27,3,352.62,enviado
1772,381.0,12,2026-01-21,9,265.88,enviado
1773,207.0,28,2025-02-28,8,2462.35,processando
1774,26.0,30,2026-01-28,6,1000.12,entregue
1775,153.0,6,2024-01-31,8,2934.81,enviado
1776,287.0,21,2025-01-07,1,2236.15,cancelado
1777,237.0,28,2025-11-19,2,1892.59,entregue
1778,141.0,1,2025-07-02,6,3656.81,cancelado
1779,72.0,20,2025-09-08,3,3929.47,processando
1780,326.0,9,2024-11-28,8,3401.87,entregue
1781,9.0,4,2024-03-31,5,1630.45,enviado
1782,84.0,16,2025-03-28,6,2903.12,cancelado
1783,111.0,10,2024-04-13,6,1967.32,entregue
1784,353.0,2,2024-02-18,2,1820.45,entregue
1785,136.0,20,2026-04-04,4,2086.56,cancelado
1786,341.0,31,2025-11-25,3,1066.31,cancelado
1787,287.0,22,2025-01-22,5,784.55,entregue
1788,180.0,28,2024-03-05,2,3192.64,entregue
1789,385.0,30,2026-01-20,10,3105.37,processando
1790,207.0,5,2024-09-27,1,986.09,processando
1791,4.0,28,2024-04-20,7,3570.85,entregue
1792,356.0,19,2024-07-29,6,1157.14,enviado
1793,55.0,7,2024-03-04,-1,198.03,enviado
1794,67.0,32,2024-06-23,10,2109.94,processando
1795,126.0,23,2025-04-25,5,1267.74,cancelado
1796,126.0,25,2024-09-29,7,3765.44,entregue
1797,96.0,25,2025-03-10,6,390.53,cancelado
1798,342.0,31,2025-09-15,4,2331.71,entregue
1799,379.0,22,2024-04-22,1,3965.64,cancelado
1800,327.0,16,2024-09-23,5,3172.05,entregue
1801,67.0,16,2024-03-20,3,790.32,enviado
1802,268.0,7,2024-11-15,3,341.1,cancelado
1803,327.0,29,2024-02-12,7,2762.13,cancelado
1804,371.0,31,2024-03-20,10,1583.5,entregue
1805,39.0,20,2024-02-18,2,3315.7,entregue
1806,273.0,2,2024-05-13,-4,3121.18,entregue
1807,336.0,16,2024-01-19,9,408.26,cancelado
1808,382.0,15,2025-06-04,6,2758.35,processando
1809,238.0,9,2025-06-04,1,2032.21,entregue
1810,195.0,3,2026-01-25,7,2149.82,entregue
1811,125.0,5,2026-03-23,9,3016.78,enviado
1812,116.0,29,2024-08-06,9,896.65,processando
1813,38.0,14,2024-11-15,10,2231.95,processando
1814,380.0,4,2025-01-11,7,1296.61,entregue
1815,79.0,19,2025-05-22,4,2544.74,enviado
1816,98.0,5,2025-06-08,7,2503.63,enviado
1817,,26,2024-10-02,-10,2979.75,enviado
1818,216.0,32,2024-07-26,9,901.87,cancelado
1819,190.0,23,2024-05-31,7,2476.73,entregue
1820,79.0,1,2024-01-16,7,1001.86,entregue
1821,323.0,13,2026-01-07,3,468.95,entregue
1822,151.0,25,2024-09-01,4,1546.63,cancelado
1823,144.0,19,2025-11-24,8,3918.15,enviado
1824,381.0,5,2025-10-22,9,1070.48,entregue
1825,337.0,20,2026-04-28,1,254.12,enviado
1826,167.0,10,2025-12-25,8,2336.71,entregue
1827,145.0,24,2024-03-04,5,1206.98,cancelado
1828,1.0,24,2025-05-28,6,3075.26,entregue
1829,350.0,17,2026-01-03,6,346.29,processando
1830,48.0,6,2025-03-01,5,3604.09,processando
1831,297.0,1,2024-02-06,2,1519.61,entregue
1832,324.0,26,2025-10-22,1,2190.26,enviado
1833,162.0,29,2025-06-16,7,801.71,entregue
1834,333.0,31,2024-06-12,4,2131.11,processando
1835,386.0,19,2026-01-04,6,1296.78,entregue
1836,358.0,11,2024-10-07,2,889.95,entregue
1837,35.0,3,2024-12-18,9,1177.87,cancelado
1838,50.0,7,2025-01-20,9,652.03,cancelado
1839,97.0,22,2025-03-05,5,247.38,entregue
1840,364.0,31,2024-03-09,9,2260.43,processando
1841,290.0,5,2025-01-04,3,1750.22,entregue
1842,333.0,6,2026-01-18,4,2325.87,entregue
1843,351.0,2,2026-04-27,8,-2656.59, ENVIADO 
1844,359.0,15,2025-10-06,2,2490.68,processando
1845,132.0,15,2025-10-08,7,3556.03,processando
1846,102.0,13,2025-09-06,8,3754.14,enviado
1847,253.0,10,2024-07-14,4,1694.39,entregue
1848,399.0,27,2025-03-02,9,375.11, ENTREGUE 
1849,315.0,13,2025-08-12,6,3066.94,entregue
1850,63.0,22,2024-01-18,3,2018.47,processando
1851,268.0,24,2025-07-13,4,3135.98,enviado
1852,157.0,12,2024-10-03,10,1239.54,enviado
1853,338.0,26,2024-09-12,3,816.89,entregue
1854,196.0,29,2024-07-17,7,2672.38,enviado
1855,212.0,28,2025-12-03,6,2706.4,processando
1856,287.0,15,2026-04-03,1,1539.6,processando
1857,244.0,32,2025-11-05,5,1071.77,processando
1858,386.0,28,2024-11-20,6,664.75,cancelado
1859,159.0,16,2025-03-21,2,1220.83,enviado
1860,152.0,1,2025-03-09,4,1870.82,entregue
1861,17.0,17,2025-02-08,2,2610.19,cancelado
1862,349.0,20,2025-08-04,7,1311.97,enviado
1863,57.0,15,2024-01-17,3,2188.75,entregue
1864,185.0,8,2024-06-26,1,2708.12,cancelado
1865,9.0,25,2024-05-30,9,21.41,cancelado
1866,381.0,27,2024-06-28,9,1194.54,enviado
1867,219.0,20,2026-04-22,2,393.16,enviado
1868,236.0,11,2025-05-10,2,1143.37,cancelado
1869,57.0,2,2025-06-18,1,209.46,entregue
1870,234.0,22,2024-10-29,6,84.0,entregue
1871,356.0,32,2026-02-06,10,2042.23,processando
1872,134.0,27,2026-02-11,10,2961.09,cancelado
1873,340.0,10,2024-01-27,3,3162.45,enviado
1874,379.0,5,2024-04-12,4,3024.73,entregue
1875,88.0,32,2024-07-10,4,3901.5,entregue
1876,173.0,21,2025-09-01,4,1826.77,entregue
1877,114.0,1,2024-05-15,6,81.03,entregue
1878,100.0,1,2026-02-26,-9,1870.57,enviado
1879,321.0,12,2026-04-05,2,1908.49,processando
1880,200.0,22,2025-07-12,4,1173.58,entregue
1881,350.0,11,2025-12-31,1,2302.61,entregue
1882,373.0,1,2024-01-24,6,3920.51,entregue
1883,270.0,7,2024-05-04,7,1561.15,entregue
1884,193.0,10,2025-10-04,1,2658.14, PROCESSANDO 
1885,47.0,5,2025-04-05,8,3019.07,processando
1886,264.0,17,2024-10-31,7,1658.75,cancelado
1887,71.0,14,2026-01-09,5,1969.55,entregue
1888,162.0,30,2025-08-26,10,1407.02,cancelado
1889,114.0,6,2024-03-12,5,1131.58,entregue
1890,319.0,22,2025-12-05,9,1325.92,entregue
1891,220.0,2,2024-01-02,9,1031.49,processando
1892,222.0,9,2025-12-05,7,2655.66,entregue
1893,56.0,21,2025-01-23,7,2797.59,entregue
1894,161.0,3,2024-12-31,7,3002.32,enviado
1895,195.0,2,2024-01-06,7,212.37,processando
1896,309.0,5,2025-12-02,1,1441.53,entregue
1897,394.0,11,2024-08-03,6,3622.66,cancelado
1898,54.0,19,2024-09-05,6,161.17,processando
1899,178.0,7,2024-02-03,1,3827.42,enviado
1900,344.0,16,2025-01-08,2,3596.42,cancelado
1901,231.0,30,2025-11-25,-1,3006.11,cancelado
1902,399.0,9,2025-12-01,3,1797.68,entregue
1903,224.0,10,2026-03-26,5,1212.72,entregue
1904,6.0,20,2025-11-15,3,1302.95,entregue
1905,167.0,8,2024-04-27,9,2435.47,processando
1906,86.0,4,2025-08-13,2,867.32,enviado
1907,294.0,29,2024-08-19,3,870.04,entregue
1908,68.0,24,2026-03-06,9,889.28,cancelado
1909,61.0,27,2025-03-27,7,381.37,entregue
1910,9.0,27,2025-06-07,9,3710.73,entregue
1911,65.0,21,2024-04-20,5,639.77,entregue
1912,223.0,4,2024-11-26,4,760.71,cancelado
1913,18.0,30,2024-05-10,10,3109.11,processando
1914,216.0,23,2025-04-04,7,863.17,cancelado
1915,264.0,4,2024-11-04,3,3202.68,cancelado
1916,224.0,21,2024-09-02,2,231.22,cancelado
1917,271.0,29,2025-09-09,3,499.32,entregue
1918,139.0,6,2025-03-30,1,2266.43,enviado
1919,79.0,3,2025-09-19,10,2787.17,processando
1920,340.0,23,2026-02-23,6,1879.55,cancelado
1921,4.0,6,2025-07-13,7,3735.16,entregue
1922,247.0,32,2025-05-12,3,3901.34,entregue
1923,88.0,20,2025-09-19,8,1466.7,entregue
1924,257.0,31,2024-10-26,9,757.37,entregue
1925,89.0,6,2024-08-04,1,1503.83,entregue
1926,314.0,11,2024-03-09,7,941.97,entregue
1927,396.0,12,2024-02-06,7,3733.49,cancelado
1928,4.0,4,2026-03-21,2,469.15,processando
1929,233.0,21,2025-10-05,4,2949.13,entregue
1930,23.0,16,2024-04-05,10,288.22,cancelado
1931,59.0,21,2024-12-25,1,1652.47,entregue
1932,169.0,2,2024-11-30,2,2897.54,enviado
1933,354.0,4,2024-03-29,10,21.69,entregue
1934,375.0,20,2024-12-03,6,321.01,cancelado
1935,188.0,6,2024-02-27,8,1063.16,entregue
1936,351.0,13,2025-02-03,-4,3562.82,entregue
1937,207.0,20,2024-01-26,5,2474.27,entregue
1938,236.0,20,2024-04-06,5,2451.84,enviado
1939,131.0,26,2026-03-31,-5,2095.48,cancelado
1940,104.0,11,2024-01-31,9,175.5,entregue
1941,6.0,5,2025-09-26,9,3210.2,entregue
1942,100.0,13,2025-10-10,5,2808.28,entregue
1943,277.0,20,2025-05-29,5,3757.19,entregue
1944,111.0,31,2025-03-03,7,3281.03,entregue
1945,368.0,6,2025-08-09,7,643.47,entregue
1946,295.0,19,2025-05-26,8,3956.03,entregue
1947,379.0,31,2024-06-19,10,1230.08,entregue
1948,276.0,14,2024-11-24,4,721.37,entregue
1949,353.0,25,2025-04-16,9,2346.97,enviado
1950,54.0,12,2024-09-12,-1,680.1,cancelado
1951,100.0,19,2026-02-20,10,3206.99,entregue
1952,382.0,19,2024-06-02,2,226.78,entregue
1953,0.0,16,2025-04-22,9,506.12,entregue
1954,326.0,19,2026-01-13,6,844.56,enviado
1955,61.0,11,2024-11-10,4,1417.92,cancelado
1956,36.0,32,2025-01-03,8,3082.75,entregue
1957,215.0,29,2025-08-10,9,2206.02,entregue
1958,159.0,10,2025-05-23,6,3875.92,cancelado
1959,60.0,25,2026-02-08,8,2429.44,cancelado
1960,354.0,20,2025-08-06,3,2291.39,entregue
1961,133.0,9,2025-12-30,3,3926.07,entregue
1962,313.0,24,2024-03-18,6,3733.92,processando
1963,100.0,5,2025-02-24,5,1012.23,cancelado
1964,323.0,5,2024-04-05,2,2644.46,entregue
1965,190.0,18,2025-09-08,9,3863.98,entregue
1966,296.0,2,2025-08-01,7,312.57,entregue
1967,94.0,22,2024-05-29,8,3592.91,entregue
1968,346.0,14,2025-10-30,5,211.36,entregue
1969,140.0,15,2024-01-04,8,1220.12,entregue
1970,375.0,27,2024-01-16,8,3026.52,entregue
1971,103.0,8,2025-03-03,10,2653.85,entregue
1972,78.0,13,2026-01-01,2,1124.95,processando
1973,184.0,3,2025-04-30,2,865.48,entregue
1974,349.0,3,2025-10-11,-7,3763.86,processando
1975,324.0,22,2025-06-30,3,302.37,entregue
1976,188.0,5,2025-06-06,7,2077.68,enviado
1977,373.0,11,2025-01-26,6,1495.32,entregue
1978,75.0,30,2025-01-12,3,3611.59,entregue
1979,258.0,24,2024-01-28,10,2387.67,enviado
1980,75.0,1,2024-03-06,4,3026.43,cancelado
1981,3.0,22,2025-02-10,8,492.43,enviado
1982,150.0,10,2025-08-08,6,2472.01,cancelado
1983,210.0,32,2024-05-21,8,2332.98,entregue
1984,216.0,21,2024-04-09,2,3208.54,enviado
1985,36.0,14,2026-02-10,9,3387.58,entregue
1986,300.0,21,2024-10-30,3,400.74,entregue
1987,265.0,2,2024-04-02,1,3538.81,enviado
1988,258.0,3,2024-08-07,10,3746.21,entregue
1989,138.0,21,2025-07-02,8,1958.74,entregue
1990,4.0,10,2025-09-16,4,3713.08,cancelado
1991,222.0,7,2024-04-09,3,545.88,entregue
1992,47.0,12,2025-10-09,9,3401.68,entregue
1993,56.0,21,2025-05-16,10,880.82, ENVIADO 
1994,261.0,17,2026-03-05,5,104.18,entregue
1995,223.0,16,2024-06-17,1,3118.52,entregue
1996,355.0,20,2025-06-01,1,275.01,entregue
1997,105.0,2,2025-01-07,7,3047.47,processando
1998,336.0,17,2024-11-28,3,1093.95,enviado
1999,90.0,27,2024-02-15,10,3688.62,entregue
2000,57.0,10,2025-04-20,4,3381.78,entregue
